run,capture,detected,metric,threshold,n_cells,freq_offset_hz,freq_step_hz,code_phase_chips,cn0_dbhz_est
b0,b0_0000,1,62.538,21.724,2720000,18608.1,2442.002,697.251,54.78
b0,b0_0001,1,74.976,21.724,2720000,18608.1,2442.002,685.985,55.58
b0,b0_0002,1,52.049,21.724,2720000,18608.1,2442.002,685.525,53.97
b0,b0_0003,1,75.408,21.724,2720000,18608.1,2442.002,685.973,55.6
b0,b0_0004,1,56.265,21.724,2720000,18608.1,2442.002,686.407,54.31
b0,b0_0005,1,77.757,21.724,2720000,18608.1,2442.002,686.791,55.74
b0,b0_0006,1,72.116,21.724,2720000,21050.1,2442.002,687.136,55.41
b0,b0_0007,1,50.573,21.724,2720000,18608.1,2442.002,687.533,53.84
b0,b0_0008,1,71.956,21.724,2720000,18608.1,2442.002,687.98,55.4
b0,b0_0009,1,71.461,21.724,2720000,18608.1,2442.002,688.389,55.37
b0,b0_0010,1,85.975,21.724,2720000,18608.1,2442.002,688.85,56.18
b0,b0_0011,1,56.789,21.724,2720000,21050.1,2442.002,699.617,54.35
b0,b0_0012,1,80.579,21.724,2720000,18608.1,2442.002,693.747,55.9
b0,b0_0013,1,89.011,21.724,2720000,18608.1,2442.002,690.103,56.33
b0,b0_0014,1,80.184,21.724,2720000,18608.1,2442.002,690.551,55.87
b0,b0_0015,1,69.207,21.724,2720000,18608.1,2442.002,690.973,55.23
b0,b0_0016,1,68.056,21.724,2720000,18608.1,2442.002,691.407,55.15
b0,b0_0017,1,78.277,21.724,2720000,18608.1,2442.002,691.817,55.77
b0,b0_0018,1,59.822,21.724,2720000,18608.1,2442.002,692.251,54.58
b0,b0_0019,1,64.371,21.724,2720000,18608.1,2442.002,692.686,54.91
cn55,cn55_0000,1,34.29,21.724,2720000,21050.1,2442.002,959.421,52.11
cn55,cn55_0001,1,38.777,21.724,2720000,18608.1,2442.002,949.318,52.66
cn55,cn55_0002,1,46.985,21.724,2720000,21050.1,2442.002,948.884,53.51
cn55,cn55_0003,1,47.671,21.724,2720000,18608.1,2442.002,949.28,53.58
cn55,cn55_0004,1,33.976,21.724,2720000,18608.1,2442.002,949.779,52.07
cn55,cn55_0005,1,39.147,21.724,2720000,18608.1,2442.002,950.214,52.7
cn55,cn55_0006,1,34.686,21.724,2720000,18608.1,2442.002,950.559,52.16
cn55,cn55_0007,1,39.498,21.724,2720000,18608.1,2442.002,951.045,52.74
cn55,cn55_0008,1,38.784,21.724,2720000,18608.1,2442.002,951.48,52.66
cn55,cn55_0009,1,43.424,21.724,2720000,21050.1,2442.002,951.863,53.16
cn55,cn55_0010,1,35.995,21.724,2720000,18608.1,2442.002,952.298,52.33
cn55,cn55_0011,1,22.49,21.724,2720000,18608.1,2442.002,952.733,50.21
cn55,cn55_0012,1,29.805,21.724,2720000,21050.1,2442.002,953.231,51.48
cn55,cn55_0013,1,24.565,21.724,2720000,21050.1,2442.002,953.564,50.61
cn55,cn55_0014,1,44.199,21.724,2720000,18608.1,2442.002,954.075,53.24
cn55,cn55_0015,0,19.929,21.724,2720000,21050.1,2442.002,954.408,49.66
cn55,cn55_0016,1,30.254,21.724,2720000,18608.1,2442.002,954.881,51.55
cn55,cn55_0017,1,33.866,21.724,2720000,18608.1,2442.002,955.175,52.06
cn55,cn55_0018,1,37.493,21.724,2720000,18608.1,2442.002,955.597,52.51
cn55,cn55_0019,1,45.294,21.724,2720000,18608.1,2442.002,966.351,53.35
cn55,cn55_0020,1,34.059,21.724,2720000,18608.1,2442.002,960.52,52.08
cn55,cn55_0021,1,28.624,21.724,2720000,18608.1,2442.002,956.876,51.3
cn55,cn55_0022,1,32.63,21.724,2720000,18608.1,2442.002,957.285,51.89
cn55,cn55_0023,1,34.704,21.724,2720000,18608.1,2442.002,957.707,52.16
cn55,cn55_0024,0,18.743,21.724,2720000,21050.1,2442.002,958.167,49.38
cn55,cn55_0025,1,22.378,21.724,2720000,18608.1,2442.002,958.589,50.19
cn55,cn55_0026,1,46.1,21.724,2720000,18608.1,2442.002,959.05,53.43
cn55,cn55_0027,1,33.437,21.724,2720000,18608.1,2442.002,959.433,52.0
cn55,cn55_0028,1,37.047,21.724,2720000,18608.1,2442.002,959.855,52.46
cn55,cn55_0029,1,35.646,21.724,2720000,18608.1,2442.002,960.265,52.28
cn55,cn55_0030,1,39.348,21.724,2720000,18608.1,2442.002,960.763,52.73
cn55,cn55_0031,1,34.967,21.724,2720000,21050.1,2442.002,961.16,52.2
cn55,cn55_0032,1,26.367,21.724,2720000,21050.1,2442.002,961.569,50.93
cn55,cn55_0033,1,32.445,21.724,2720000,21050.1,2442.002,962.016,51.86
cn55,cn55_0034,1,34.369,21.724,2720000,18608.1,2442.002,962.438,52.12
cn55,cn55_0035,1,40.986,21.724,2720000,18608.1,2442.002,962.937,52.91
cn55,cn55_0036,1,46.53,21.724,2720000,18608.1,2442.002,963.18,53.47
cn55,cn55_0037,1,30.633,21.724,2720000,21050.1,2442.002,963.589,51.61
cn55,cn55_0038,1,44.005,21.724,2720000,18608.1,2442.002,967.208,53.22
cn55,cn55_0039,1,42.343,21.724,2720000,21050.1,2442.002,965.328,53.05
cn55,cn55_0040,1,27.731,21.724,2720000,18608.1,2442.002,964.868,51.16
cn55,cn55_0041,1,30.232,21.724,2720000,18608.1,2442.002,965.303,51.55
cn55,cn55_0042,1,23.178,21.724,2720000,18608.1,2442.002,965.712,50.35
cn55,cn55_0043,1,39.423,21.724,2720000,18608.1,2442.002,966.16,52.73
cn55,cn55_0044,1,35.637,21.724,2720000,18608.1,2442.002,966.607,52.28
cn55,cn55_0045,1,54.421,21.724,2720000,18608.1,2442.002,967.004,54.16
cn55,cn55_0046,1,27.848,21.724,2720000,18608.1,2442.002,967.451,51.18
cn55,cn55_0047,1,33.417,21.724,2720000,18608.1,2442.002,967.886,52.0
cn55,cn55_0048,1,25.598,21.724,2720000,21050.1,2442.002,968.295,50.8
cn55,cn55_0049,1,38.756,21.724,2720000,21050.1,2442.002,968.691,52.66
cn55,cn55_0050,0,12.053,21.724,2720000,3956.0,2442.002,77.467,47.32
cn55,cn55_0051,1,36.486,21.724,2720000,18608.1,2442.002,969.625,52.39
cn55,cn55_0052,1,30.437,21.724,2720000,21050.1,2442.002,970.06,51.58
cn55,cn55_0053,1,35.526,21.724,2720000,18608.1,2442.002,970.469,52.27
cn55,cn55_0054,1,31.342,21.724,2720000,18608.1,2442.002,970.878,51.71
cn55,cn55_0055,1,30.369,21.724,2720000,18608.1,2442.002,971.198,51.57
cn55,cn55_0056,0,13.844,21.724,2720000,16166.1,2442.002,971.543,47.97
cn55,cn55_0057,0,16.313,21.724,2720000,18608.1,2442.002,975.226,48.74
cn55,cn55_0058,1,39.427,21.724,2720000,18608.1,2442.002,973.321,52.73
cn55,cn55_0059,1,31.5,21.724,2720000,18608.1,2442.002,972.86,51.73
cn55,cn55_0060,0,17.729,21.724,2720000,21050.1,2442.002,973.423,49.12
cn55,cn55_0061,0,20.023,21.724,2720000,21050.1,2442.002,973.768,49.68
cn55,cn55_0062,1,36.186,21.724,2720000,18608.1,2442.002,974.19,52.35
cn55,cn55_0063,1,30.747,21.724,2720000,18608.1,2442.002,974.599,51.62
cn55,cn55_0064,1,24.607,21.724,2720000,18608.1,2442.002,974.97,50.62
cn55,cn55_0065,1,39.416,21.724,2720000,18608.1,2442.002,975.469,52.73
cn55,cn55_0066,1,38.574,21.724,2720000,18608.1,2442.002,975.827,52.64
cn55,cn55_0067,1,35.527,21.724,2720000,18608.1,2442.002,976.3,52.27
cn55,cn55_0068,1,33.278,21.724,2720000,18608.1,2442.002,976.709,51.98
cn55,cn55_0069,1,31.075,21.724,2720000,18608.1,2442.002,977.182,51.67
cn55,cn55_0070,1,29.494,21.724,2720000,18608.1,2442.002,977.63,51.44
cn55,cn55_0071,1,32.659,21.724,2720000,18608.1,2442.002,978.026,51.89
cn55,cn55_0072,1,34.179,21.724,2720000,18608.1,2442.002,978.474,52.1
cn55,cn55_0073,1,26.881,21.724,2720000,18608.1,2442.002,978.985,51.02
cn55,cn55_0074,1,27.043,21.724,2720000,21050.1,2442.002,979.292,51.04
cn55,cn55_0075,1,23.156,21.724,2720000,21050.1,2442.002,986.939,50.34
cn55,cn55_0076,0,15.036,21.724,2720000,23492.1,2442.002,980.942,48.36
cn55,cn55_0077,0,21.695,21.724,2720000,18608.1,2442.002,980.443,50.05
cn55,cn55_0078,1,33.188,21.724,2720000,21050.1,2442.002,980.891,51.96
cn55,cn55_0079,0,18.571,21.724,2720000,21050.1,2442.002,981.364,49.34
cn55,cn55_0080,1,22.475,21.724,2720000,18608.1,2442.002,981.748,50.21
cn55,cn55_0081,1,29.384,21.724,2720000,18608.1,2442.002,982.17,51.42
cn55,cn55_0082,1,29.732,21.724,2720000,18608.1,2442.002,982.579,51.47
cn55,cn55_0083,1,24.615,21.724,2720000,18608.1,2442.002,983.001,50.62
cn55,cn55_0084,1,28.158,21.724,2720000,21050.1,2442.002,983.487,51.23
cn55,cn55_0085,1,27.956,21.724,2720000,18608.1,2442.002,983.845,51.19
cn55,cn55_0086,1,37.543,21.724,2720000,18608.1,2442.002,984.331,52.52
cn55,cn55_0087,1,36.841,21.724,2720000,21050.1,2442.002,984.701,52.43
cn55,cn55_0088,1,32.212,21.724,2720000,18608.1,2442.002,985.123,51.83
cn55,cn55_0089,1,35.692,21.724,2720000,21050.1,2442.002,985.597,52.29
cn55,cn55_0090,1,32.819,21.724,2720000,18608.1,2442.002,986.044,51.91
cn55,cn55_0091,1,33.777,21.724,2720000,18608.1,2442.002,986.479,52.04
cn55,cn55_0092,1,33.732,21.724,2720000,18608.1,2442.002,986.926,52.04
cn55,cn55_0093,1,39.027,21.724,2720000,21050.1,2442.002,987.157,52.69
cn55,cn55_0094,1,33.474,21.724,2720000,18608.1,2442.002,990.814,52.0
cn55,cn55_0095,1,23.22,21.724,2720000,18608.1,2442.002,988.934,50.36
cn55,cn55_0096,1,25.962,21.724,2720000,21050.1,2442.002,988.474,50.86
cn55,cn55_0097,1,28.975,21.724,2720000,21050.1,2442.002,988.845,51.36
cn55,cn55_0098,1,27.424,21.724,2720000,21050.1,2442.002,989.331,51.11
cn55,cn55_0099,1,37.299,21.724,2720000,21050.1,2442.002,989.778,52.49
cn55,cn55_0100,1,34.659,21.724,2720000,18608.1,2442.002,990.187,52.16
cn55,cn55_0101,1,24.054,21.724,2720000,18608.1,2442.002,990.622,50.52
cn55,cn55_0102,1,24.032,21.724,2720000,18608.1,2442.002,991.031,50.51
cn55,cn55_0103,1,30.544,21.724,2720000,18608.1,2442.002,991.479,51.59
cn55,cn55_0104,1,28.048,21.724,2720000,21050.1,2442.002,991.875,51.21
cn55,cn55_0105,1,39.295,21.724,2720000,18608.1,2442.002,992.361,52.72
cn55,cn55_0106,1,24.679,21.724,2720000,21050.1,2442.002,992.77,50.63
cn55,cn55_0107,1,32.447,21.724,2720000,18608.1,2442.002,993.256,51.86
cn55,cn55_0108,1,22.728,21.724,2720000,21050.1,2442.002,993.614,50.26
cn55,cn55_0109,1,34.519,21.724,2720000,18608.1,2442.002,994.075,52.14
cn55,cn55_0110,1,39.409,21.724,2720000,18608.1,2442.002,994.509,52.73
cn55,cn55_0111,1,37.774,21.724,2720000,18608.1,2442.002,994.842,52.54
cn55,cn55_0112,0,19.04,21.724,2720000,18608.1,2442.002,995.226,49.45
cn55,cn55_0113,1,25.635,21.724,2720000,21050.1,2442.002,998.921,50.8
cn55,cn55_0114,1,44.91,21.724,2720000,18608.1,2442.002,996.965,53.31
cn55,cn55_0115,1,29.024,21.724,2720000,18608.1,2442.002,996.504,51.36
cn55,cn55_0116,1,36.499,21.724,2720000,21050.1,2442.002,997.003,52.39
cn55,cn55_0117,1,26.722,21.724,2720000,18608.1,2442.002,997.374,50.99
cn55,cn55_0118,1,22.185,21.724,2720000,18608.1,2442.002,997.809,50.15
cn55,cn55_0119,0,21.108,21.724,2720000,18608.1,2442.002,998.243,49.92
cn55,cn55_0120,1,41.448,21.724,2720000,21050.1,2442.002,998.665,52.96
cn55,cn55_0121,1,22.068,21.724,2720000,18608.1,2442.002,999.087,50.12
cn55,cn55_0122,1,28.144,21.724,2720000,18608.1,2442.002,999.497,51.22
cn55,cn55_0123,0,19.809,21.724,2720000,21050.1,2442.002,999.919,49.63
cn55,cn55_0124,1,38.531,21.724,2720000,21050.1,2442.002,1000.315,52.63
cn55,cn55_0125,1,22.994,21.724,2720000,21050.1,2442.002,1000.814,50.31
cn55,cn55_0126,0,18.812,21.724,2720000,21050.1,2442.002,1001.21,49.39
cn55,cn55_0127,1,37.689,21.724,2720000,18608.1,2442.002,1001.658,52.53
cn55,cn55_0128,1,34.307,21.724,2720000,18608.1,2442.002,1002.08,52.11
cn55,cn55_0129,0,18.012,21.724,2720000,21050.1,2442.002,1002.502,49.2
cn55,cn55_0130,1,23.435,21.724,2720000,18608.1,2442.002,1002.834,50.4
cn55,cn55_0131,1,36.862,21.724,2720000,18608.1,2442.002,1003.218,52.43
cn55,cn55_0132,1,38.409,21.724,2720000,18608.1,2442.002,1006.875,52.62
cn55,cn55_0133,1,30.264,21.724,2720000,21050.1,2442.002,1004.957,51.55
cn55,cn55_0134,1,35.552,21.724,2720000,21050.1,2442.002,1004.548,52.27
cn55,cn55_0135,1,22.916,21.724,2720000,18608.1,2442.002,1004.995,50.3
cn55,cn55_0136,1,54.569,21.724,2720000,18608.1,2442.002,1005.417,54.18
cn55,cn55_0137,1,29.546,21.724,2720000,21050.1,2442.002,1005.788,51.44
cn55,cn55_0138,1,24.823,21.724,2720000,18608.1,2442.002,1006.261,50.66
cn55,cn55_0139,1,39.123,21.724,2720000,21050.1,2442.002,1006.696,52.7
cn55,cn55_0140,1,47.252,21.724,2720000,18608.1,2442.002,1007.169,53.54
cn55,cn55_0141,1,24.546,21.724,2720000,18608.1,2442.002,1007.553,50.61
cn55,cn55_0142,1,31.072,21.724,2720000,18608.1,2442.002,1008.0,51.67
cn55,cn55_0143,1,31.864,21.724,2720000,18608.1,2442.002,1008.435,51.78
cn55,cn55_0144,1,29.519,21.724,2720000,18608.1,2442.002,1008.831,51.44
cn55,cn55_0145,1,25.882,21.724,2720000,18608.1,2442.002,1009.228,50.85
cn55,cn55_0146,1,31.693,21.724,2720000,18608.1,2442.002,1009.727,51.76
cn55,cn55_0147,1,35.225,21.724,2720000,21050.1,2442.002,1010.161,52.23
cn55,cn55_0148,1,41.179,21.724,2720000,18608.1,2442.002,1010.571,52.93
cn55,cn55_0149,1,29.557,21.724,2720000,18608.1,2442.002,1010.852,51.44
cn55,cn55_0150,1,29.84,21.724,2720000,18608.1,2442.002,1011.325,51.49
cn55,cn55_0151,1,28.04,21.724,2720000,21050.1,2442.002,1015.008,51.21
cn55,cn55_0152,1,31.015,21.724,2720000,21050.1,2442.002,1013.026,51.66
cn55,cn55_0153,1,29.259,21.724,2720000,18608.1,2442.002,1012.565,51.4
cn55,cn55_0154,1,24.253,21.724,2720000,18608.1,2442.002,1013.039,50.55
cn55,cn55_0155,1,32.076,21.724,2720000,21050.1,2442.002,1013.473,51.81
cn55,cn55_0156,1,32.122,21.724,2720000,18608.1,2442.002,1013.87,51.82
cn55,cn55_0157,1,30.071,21.724,2720000,18608.1,2442.002,1014.304,51.52
cn55,cn55_0158,1,34.656,21.724,2720000,18608.1,2442.002,1014.663,52.16
cn55,cn55_0159,1,23.738,21.724,2720000,18608.1,2442.002,1015.161,50.46
cn55,cn55_0160,1,28.09,21.724,2720000,18608.1,2442.002,1015.622,51.22
cn55,cn55_0161,1,33.511,21.724,2720000,18608.1,2442.002,1016.005,52.01
cn55,cn55_0162,1,35.737,21.724,2720000,18608.1,2442.002,1016.453,52.3
cn55,cn55_0163,1,31.828,21.724,2720000,18608.1,2442.002,1016.875,51.78
cn55,cn55_0164,1,33.054,21.724,2720000,21050.1,2442.002,1017.335,51.95
cn55,cn55_0165,1,46.119,21.724,2720000,21050.1,2442.002,1017.744,53.43
cn55,cn55_0166,1,41.535,21.724,2720000,21050.1,2442.002,1018.192,52.97
cn55,cn55_0167,1,35.471,21.724,2720000,18608.1,2442.002,1018.627,52.26
cn55,cn55_0168,1,34.098,21.724,2720000,18608.1,2442.002,1018.895,52.09
cn55,cn55_0169,1,28.405,21.724,2720000,21050.1,2442.002,1019.33,51.27
cn55,cn55_0170,1,41.764,21.724,2720000,21050.1,2442.002,1022.949,52.99
cn55,cn55_0171,1,32.473,21.724,2720000,18608.1,2442.002,1020.992,51.87
cn55,cn55_0172,1,31.212,21.724,2720000,18608.1,2442.002,1020.634,51.69
cn55,cn55_0173,1,30.275,21.724,2720000,18608.1,2442.002,1021.031,51.55
cn55,cn55_0174,1,25.818,21.724,2720000,18608.1,2442.002,1021.466,50.84
cn55,cn55_0175,1,31.99,21.724,2720000,21050.1,2442.002,1021.887,51.8
cn55,cn55_0176,1,31.014,21.724,2720000,18608.1,2442.002,1022.335,51.66
cn55,cn55_0177,0,18.669,21.724,2720000,21050.1,2442.002,1022.783,49.36
cn55,cn55_0178,1,36.687,21.724,2720000,18608.1,2442.002,0.205,52.41
cn55,cn55_0179,1,33.159,21.724,2720000,18608.1,2442.002,0.563,51.96
cn55,cn55_0180,1,30.778,21.724,2720000,18608.1,2442.002,1.061,51.63
cn55,cn55_0181,1,29.702,21.724,2720000,21050.1,2442.002,1.496,51.47
cn55,cn55_0182,1,31.508,21.724,2720000,18608.1,2442.002,1.944,51.73
cn55,cn55_0183,1,32.803,21.724,2720000,18608.1,2442.002,2.327,51.91
cn55,cn55_0184,1,33.074,21.724,2720000,21050.1,2442.002,2.749,51.95
cn55,cn55_0185,1,35.104,21.724,2720000,18608.1,2442.002,3.184,52.22
cn55,cn55_0186,1,33.103,21.724,2720000,18608.1,2442.002,3.632,51.95
cn55,cn55_0187,1,40.653,21.724,2720000,18608.1,2442.002,3.951,52.87
cn55,cn55_0188,1,24.308,21.724,2720000,18608.1,2442.002,4.361,50.56
cn55,cn55_0189,1,27.792,21.724,2720000,21050.1,2442.002,7.979,51.17
cn55,cn55_0190,1,28.99,21.724,2720000,21050.1,2442.002,6.1,51.36
cn55,cn55_0191,1,41.008,21.724,2720000,18608.1,2442.002,5.627,52.91
cn55,cn55_0192,1,26.707,21.724,2720000,18608.1,2442.002,6.1,50.99
cn55,cn55_0193,0,17.526,21.724,2720000,21050.1,2442.002,6.522,49.07
cn55,cn55_0194,1,46.904,21.724,2720000,21050.1,2442.002,6.918,53.51
cn55,cn55_0195,1,24.314,21.724,2720000,18608.1,2442.002,7.353,50.56
cn55,cn55_0196,1,35.648,21.724,2720000,21050.1,2442.002,7.8,52.28
cn55,cn55_0197,1,29.47,21.724,2720000,18608.1,2442.002,8.235,51.43
cn55,cn55_0198,1,32.5,21.724,2720000,18608.1,2442.002,8.632,51.87
cn55,cn55_0199,1,26.018,21.724,2720000,21050.1,2442.002,9.079,50.87
b1,b1_0000,1,59.541,21.724,2720000,18608.1,2442.002,310.813,54.56
b1,b1_0001,1,79.526,21.724,2720000,18608.1,2442.002,299.534,55.84
b1,b1_0002,1,76.823,21.724,2720000,18608.1,2442.002,299.112,55.69
b1,b1_0003,1,89.101,21.724,2720000,18608.1,2442.002,299.522,56.34
b1,b1_0004,1,86.099,21.724,2720000,18608.1,2442.002,299.931,56.19
b1,b1_0005,1,74.244,21.724,2720000,18608.1,2442.002,300.353,55.54
b1,b1_0006,1,92.535,21.724,2720000,18608.1,2442.002,300.775,56.5
b1,b1_0007,1,75.432,21.724,2720000,18608.1,2442.002,301.197,55.61
b1,b1_0008,1,64.236,21.724,2720000,18608.1,2442.002,311.964,54.9
b1,b1_0009,1,73.856,21.724,2720000,18608.1,2442.002,306.043,55.51
b1,b1_0010,1,91.301,21.724,2720000,18608.1,2442.002,302.463,56.44
b1,b1_0011,1,65.821,21.724,2720000,18608.1,2442.002,302.898,55.0
b1,b1_0012,1,70.592,21.724,2720000,18608.1,2442.002,303.307,55.31
b1,b1_0013,1,83.481,21.724,2720000,18608.1,2442.002,303.741,56.05
b1,b1_0014,1,78.842,21.724,2720000,18608.1,2442.002,304.125,55.8
b1,b1_0015,1,69.989,21.724,2720000,18608.1,2442.002,304.56,55.28
b1,b1_0016,1,73.761,21.724,2720000,18608.1,2442.002,304.995,55.51
b1,b1_0017,1,68.482,21.724,2720000,18608.1,2442.002,305.417,55.18
b1,b1_0018,1,69.032,21.724,2720000,18608.1,2442.002,305.851,55.21
b1,b1_0019,1,80.826,21.724,2720000,18608.1,2442.002,306.146,55.91
cn52,cn52_0000,0,21.239,21.724,2720000,18608.1,2442.002,933.206,49.95
cn52,cn52_0001,0,11.79,21.724,2720000,-8254.0,2442.002,176.953,47.22
cn52,cn52_0002,0,18.885,21.724,2720000,18608.1,2442.002,922.733,49.41
cn52,cn52_0003,1,24.809,21.724,2720000,18608.1,2442.002,923.206,50.66
cn52,cn52_0004,0,12.845,21.724,2720000,-22906.0,2442.002,192.605,47.62
cn52,cn52_0005,0,20.245,21.724,2720000,21050.1,2442.002,934.37,49.73
cn52,cn52_0006,1,23.326,21.724,2720000,18608.1,2442.002,928.462,50.38
cn52,cn52_0007,0,16.963,21.724,2720000,21050.1,2442.002,924.83,48.92
cn52,cn52_0008,0,13.191,21.724,2720000,3956.0,2442.002,83.72,47.75
cn52,cn52_0009,0,14.285,21.724,2720000,18608.1,2442.002,925.572,48.12
cn52,cn52_0010,0,11.803,21.724,2720000,-10696.0,2442.002,176.071,47.22
cn52,cn52_0011,0,16.003,21.724,2720000,21050.1,2442.002,926.403,48.65
cn52,cn52_0012,0,15.174,21.724,2720000,-10696.0,2442.002,250.648,48.4
cn52,cn52_0013,0,11.019,21.724,2720000,-10696.0,2442.002,218.641,46.9
cn52,cn52_0014,0,14.849,21.724,2720000,18608.1,2442.002,927.682,48.3
cn52,cn52_0015,0,11.806,21.724,2720000,1514.0,2442.002,229.472,47.22
cn52,cn52_0016,0,13.817,21.724,2720000,-8254.0,2442.002,262.924,47.97
cn52,cn52_0017,0,16.491,21.724,2720000,18608.1,2442.002,928.948,48.79
cn52,cn52_0018,0,11.583,21.724,2720000,21050.1,2442.002,929.357,47.13
cn52,cn52_0019,0,21.685,21.724,2720000,18608.1,2442.002,929.843,50.04
cn52,cn52_0020,0,16.561,21.724,2720000,18608.1,2442.002,930.265,48.81
cn52,cn52_0021,0,16.766,21.724,2720000,18608.1,2442.002,930.687,48.86
cn52,cn52_0022,0,11.929,21.724,2720000,35702.1,2442.002,799.423,47.27
cn52,cn52_0023,0,10.608,21.724,2720000,-8254.0,2442.002,143.783,46.71
cn52,cn52_0024,1,23.55,21.724,2720000,18608.1,2442.002,935.086,50.42
cn52,cn52_0025,0,15.936,21.724,2720000,18608.1,2442.002,933.155,48.63
cn52,cn52_0026,0,13.351,21.724,2720000,18608.1,2442.002,932.759,47.8
cn52,cn52_0027,0,15.445,21.724,2720000,18608.1,2442.002,933.04,48.49
cn52,cn52_0028,0,21.703,21.724,2720000,18608.1,2442.002,933.424,50.05
cn52,cn52_0029,1,26.474,21.724,2720000,18608.1,2442.002,933.897,50.95
cn52,cn52_0030,0,15.159,21.724,2720000,18608.1,2442.002,934.319,48.4
cn52,cn52_0031,0,17.71,21.724,2720000,18608.1,2442.002,934.728,49.12
cn52,cn52_0032,1,26.102,21.724,2720000,18608.1,2442.002,935.112,50.88
cn52,cn52_0033,0,17.04,21.724,2720000,18608.1,2442.002,935.559,48.94
cn52,cn52_0034,1,22.979,21.724,2720000,21050.1,2442.002,936.007,50.31
cn52,cn52_0035,0,12.068,21.724,2720000,6398.0,2442.002,715.857,47.33
cn52,cn52_0036,0,21.507,21.724,2720000,18608.1,2442.002,936.863,50.01
cn52,cn52_0037,1,23.472,21.724,2720000,18608.1,2442.002,937.26,50.4
cn52,cn52_0038,0,13.379,21.724,2720000,35702.1,2442.002,790.651,47.81
cn52,cn52_0039,0,20.61,21.724,2720000,18608.1,2442.002,938.091,49.81
cn52,cn52_0040,0,14.126,21.724,2720000,18608.1,2442.002,938.487,48.07
cn52,cn52_0041,1,29.378,21.724,2720000,18608.1,2442.002,938.948,51.42
cn52,cn52_0042,1,23.73,21.724,2720000,18608.1,2442.002,939.37,50.45
cn52,cn52_0043,0,21.595,21.724,2720000,18608.1,2442.002,942.989,50.03
cn52,cn52_0044,0,14.019,21.724,2720000,1514.0,2442.002,227.17,48.03
cn52,cn52_0045,0,17.459,21.724,2720000,18608.1,2442.002,940.687,49.05
cn52,cn52_0046,0,19.575,21.724,2720000,18608.1,2442.002,940.955,49.58
cn52,cn52_0047,1,22.224,21.724,2720000,18608.1,2442.002,941.377,50.16
cn52,cn52_0048,0,12.613,21.724,2720000,6398.0,2442.002,638.442,47.54
cn52,cn52_0049,0,12.656,21.724,2720000,1514.0,2442.002,282.425,47.55
cn52,cn52_0050,0,10.348,21.724,2720000,-8254.0,2442.002,273.806,46.6
cn52,cn52_0051,1,24.392,21.724,2720000,18608.1,2442.002,942.976,50.58
cn52,cn52_0052,0,19.245,21.724,2720000,18608.1,2442.002,943.449,49.5
cn52,cn52_0053,0,13.922,21.724,2720000,18608.1,2442.002,943.909,48.0
cn52,cn52_0054,1,28.386,21.724,2720000,18608.1,2442.002,944.395,51.26
cn52,cn52_0055,0,14.88,21.724,2720000,-27790.0,2442.002,314.355,48.31
cn52,cn52_0056,1,24.16,21.724,2720000,18608.1,2442.002,945.201,50.54
cn52,cn52_0057,0,19.125,21.724,2720000,18608.1,2442.002,945.61,49.47
cn52,cn52_0058,1,29.026,21.724,2720000,18608.1,2442.002,946.058,51.36
cn52,cn52_0059,1,25.548,21.724,2720000,18608.1,2442.002,946.454,50.79
cn52,cn52_0060,1,26.428,21.724,2720000,18608.1,2442.002,946.85,50.94
cn52,cn52_0061,0,12.531,21.724,2720000,23492.1,2442.002,485.222,47.51
cn52,cn52_0062,0,15.533,21.724,2720000,18608.1,2442.002,948.513,48.51
cn52,cn52_0063,1,22.83,21.724,2720000,18608.1,2442.002,948.142,50.28
cn52,cn52_0064,0,14.64,21.724,2720000,1514.0,2442.002,228.423,48.24
cn52,cn52_0065,1,25.429,21.724,2720000,18608.1,2442.002,948.858,50.77
cn52,cn52_0066,0,12.596,21.724,2720000,18608.1,2442.002,949.254,47.53
cn52,cn52_0067,0,12.215,21.724,2720000,-8254.0,2442.002,286.709,47.39
cn52,cn52_0068,0,19.018,21.724,2720000,18608.1,2442.002,950.124,49.44
cn52,cn52_0069,0,15.286,21.724,2720000,21050.1,2442.002,950.546,48.44
cn52,cn52_0070,0,11.922,21.724,2720000,3956.0,2442.002,91.149,47.27
cn52,cn52_0071,0,16.066,21.724,2720000,30818.1,2442.002,645.884,48.67
cn52,cn52_0072,0,14.448,21.724,2720000,18608.1,2442.002,951.825,48.17
cn52,cn52_0073,0,17.591,21.724,2720000,18608.1,2442.002,952.208,49.09
cn52,cn52_0074,0,11.946,21.724,2720000,21050.1,2442.002,533.188,47.28
cn52,cn52_0075,0,21.484,21.724,2720000,21050.1,2442.002,953.091,50.0
cn52,cn52_0076,0,17.061,21.724,2720000,18608.1,2442.002,953.538,48.95
cn52,cn52_0077,0,13.239,21.724,2720000,18608.1,2442.002,953.96,47.77
cn52,cn52_0078,0,15.475,21.724,2720000,3956.0,2442.002,83.234,48.49
cn52,cn52_0079,0,10.895,21.724,2720000,-13138.0,2442.002,148.783,46.84
cn52,cn52_0080,1,21.93,21.724,2720000,21050.1,2442.002,958.372,50.1
cn52,cn52_0081,1,22.531,21.724,2720000,18608.1,2442.002,956.492,50.22
cn52,cn52_0082,1,28.911,21.724,2720000,18608.1,2442.002,956.07,51.35
cn52,cn52_0083,0,12.591,21.724,2720000,-10696.0,2442.002,242.668,47.53
cn52,cn52_0084,0,13.646,21.724,2720000,18608.1,2442.002,956.735,47.91
cn52,cn52_0085,0,21.28,21.724,2720000,18608.1,2442.002,957.17,49.96
cn52,cn52_0086,0,17.426,21.724,2720000,18608.1,2442.002,957.541,49.04
cn52,cn52_0087,0,17.388,21.724,2720000,18608.1,2442.002,958.001,49.03
cn52,cn52_0088,1,24.96,21.724,2720000,18608.1,2442.002,958.474,50.68
cn52,cn52_0089,0,12.017,21.724,2720000,-8254.0,2442.002,175.214,47.31
cn52,cn52_0090,0,12.565,21.724,2720000,21050.1,2442.002,959.344,47.52
cn52,cn52_0091,0,12.832,21.724,2720000,18608.1,2442.002,959.727,47.62
cn52,cn52_0092,0,16.084,21.724,2720000,18608.1,2442.002,960.124,48.67
cn52,cn52_0093,0,17.218,21.724,2720000,18608.1,2442.002,960.584,48.99
cn52,cn52_0094,1,26.383,21.724,2720000,18608.1,2442.002,960.993,50.93
cn52,cn52_0095,1,23.0,21.724,2720000,18608.1,2442.002,961.339,50.31
cn52,cn52_0096,0,19.878,21.724,2720000,18608.1,2442.002,961.825,49.65
cn52,cn52_0097,0,20.172,21.724,2720000,18608.1,2442.002,962.221,49.71
cn52,cn52_0098,0,18.021,21.724,2720000,21050.1,2442.002,962.694,49.2
cn52,cn52_0099,0,21.09,21.724,2720000,18608.1,2442.002,966.3,49.92
cn52,cn52_0100,0,20.967,21.724,2720000,18608.1,2442.002,964.433,49.89
cn52,cn52_0101,0,13.668,21.724,2720000,21050.1,2442.002,963.947,47.91
cn52,cn52_0102,0,12.792,21.724,2720000,18608.1,2442.002,964.42,47.6
cn52,cn52_0103,1,24.682,21.724,2720000,18608.1,2442.002,964.689,50.63
cn52,cn52_0104,0,13.32,21.724,2720000,-18022.0,2442.002,920.713,47.79
cn52,cn52_0105,0,14.77,21.724,2720000,18608.1,2442.002,965.559,48.28
cn52,cn52_0106,0,13.891,21.724,2720000,18608.1,2442.002,965.942,47.99
cn52,cn52_0107,0,11.938,21.724,2720000,3956.0,2442.002,84.334,47.28
cn52,cn52_0108,0,15.387,21.724,2720000,18608.1,2442.002,966.888,48.47
cn52,cn52_0109,0,17.859,21.724,2720000,18608.1,2442.002,967.195,49.16
cn52,cn52_0110,0,19.563,21.724,2720000,18608.1,2442.002,967.656,49.57
cn52,cn52_0111,0,15.818,21.724,2720000,18608.1,2442.002,968.167,48.6
cn52,cn52_0112,0,18.496,21.724,2720000,18608.1,2442.002,968.5,49.32
cn52,cn52_0113,0,15.964,21.724,2720000,-27790.0,2442.002,94.218,48.64
cn52,cn52_0114,1,22.092,21.724,2720000,18608.1,2442.002,969.318,50.13
cn52,cn52_0115,0,17.811,21.724,2720000,18608.1,2442.002,969.676,49.14
cn52,cn52_0116,0,15.183,21.724,2720000,21050.1,2442.002,970.239,48.41
cn52,cn52_0117,0,13.652,21.724,2720000,1514.0,2442.002,171.237,47.91
cn52,cn52_0118,0,12.193,21.724,2720000,-10696.0,2442.002,188.398,47.38
cn52,cn52_0119,0,16.521,21.724,2720000,18608.1,2442.002,972.323,48.8
cn52,cn52_0120,1,24.62,21.724,2720000,18608.1,2442.002,971.888,50.62
cn52,cn52_0121,0,21.18,21.724,2720000,18608.1,2442.002,972.323,49.94
cn52,cn52_0122,0,18.06,21.724,2720000,21050.1,2442.002,972.63,49.21
cn52,cn52_0123,0,15.048,21.724,2720000,18608.1,2442.002,973.078,48.36
cn52,cn52_0124,0,14.32,21.724,2720000,21050.1,2442.002,973.436,48.13
cn52,cn52_0125,0,20.825,21.724,2720000,18608.1,2442.002,973.883,49.86
cn52,cn52_0126,0,18.553,21.724,2720000,21050.1,2442.002,974.241,49.33
cn52,cn52_0127,0,14.368,21.724,2720000,18608.1,2442.002,653.838,48.15
cn52,cn52_0128,0,14.419,21.724,2720000,21050.1,2442.002,975.162,48.17
cn52,cn52_0129,0,18.736,21.724,2720000,18608.1,2442.002,975.597,49.38
cn52,cn52_0130,0,17.043,21.724,2720000,18608.1,2442.002,976.032,48.94
cn52,cn52_0131,0,21.64,21.724,2720000,18608.1,2442.002,976.39,50.03
cn52,cn52_0132,0,19.384,21.724,2720000,18608.1,2442.002,976.901,49.53
cn52,cn52_0133,0,13.684,21.724,2720000,18608.1,2442.002,977.349,47.92
cn52,cn52_0134,1,23.865,21.724,2720000,18608.1,2442.002,977.719,50.48
cn52,cn52_0135,0,20.313,21.724,2720000,21050.1,2442.002,978.167,49.75
cn52,cn52_0136,0,19.342,21.724,2720000,21050.1,2442.002,978.615,49.52
cn52,cn52_0137,0,11.678,21.724,2720000,-8254.0,2442.002,225.776,47.17
cn52,cn52_0138,1,24.932,21.724,2720000,18608.1,2442.002,980.239,50.68
cn52,cn52_0139,0,15.678,21.724,2720000,18608.1,2442.002,979.855,48.55
cn52,cn52_0140,0,20.082,21.724,2720000,18608.1,2442.002,980.2,49.69
cn52,cn52_0141,0,16.492,21.724,2720000,18608.1,2442.002,980.584,48.79
cn52,cn52_0142,1,26.415,21.724,2720000,21050.1,2442.002,981.044,50.94
cn52,cn52_0143,0,20.063,21.724,2720000,18608.1,2442.002,981.466,49.69
cn52,cn52_0144,1,25.875,21.724,2720000,21050.1,2442.002,981.863,50.85
cn52,cn52_0145,0,20.312,21.724,2720000,21050.1,2442.002,982.297,49.75
cn52,cn52_0146,0,20.739,21.724,2720000,18608.1,2442.002,982.707,49.84
cn52,cn52_0147,0,19.11,21.724,2720000,18608.1,2442.002,983.167,49.47
cn52,cn52_0148,0,16.253,21.724,2720000,21050.1,2442.002,983.512,48.72
cn52,cn52_0149,0,13.127,21.724,2720000,3956.0,2442.002,82.211,47.73
cn52,cn52_0150,0,18.436,21.724,2720000,21050.1,2442.002,984.407,49.3
cn52,cn52_0151,0,17.173,21.724,2720000,18608.1,2442.002,984.868,48.98
cn52,cn52_0152,0,11.324,21.724,2720000,1514.0,2442.002,212.068,47.03
cn52,cn52_0153,0,12.731,21.724,2720000,6398.0,2442.002,69.232,47.58
cn52,cn52_0154,1,27.073,21.724,2720000,18608.1,2442.002,986.044,51.05
cn52,cn52_0155,1,22.432,21.724,2720000,18608.1,2442.002,986.492,50.2
cn52,cn52_0156,0,16.078,21.724,2720000,18608.1,2442.002,990.136,48.67
cn52,cn52_0157,0,12.121,21.724,2720000,-10696.0,2442.002,181.25,47.35
cn52,cn52_0158,0,14.285,21.724,2720000,18608.1,2442.002,987.886,48.12
cn52,cn52_0159,0,17.432,21.724,2720000,18608.1,2442.002,988.128,49.04
cn52,cn52_0160,0,16.419,21.724,2720000,18608.1,2442.002,988.64,48.77
cn52,cn52_0161,0,16.672,21.724,2720000,18608.1,2442.002,988.934,48.84
cn52,cn52_0162,0,13.485,21.724,2720000,18608.1,2442.002,989.267,47.85
cn52,cn52_0163,0,13.485,21.724,2720000,18608.1,2442.002,989.778,47.85
cn52,cn52_0164,1,29.514,21.724,2720000,18608.1,2442.002,990.2,51.44
cn52,cn52_0165,1,22.441,21.724,2720000,18608.1,2442.002,990.635,50.2
cn52,cn52_0166,0,17.839,21.724,2720000,18608.1,2442.002,991.031,49.15
cn52,cn52_0167,0,20.014,21.724,2720000,18608.1,2442.002,991.53,49.68
cn52,cn52_0168,0,14.993,21.724,2720000,21050.1,2442.002,991.965,48.35
cn52,cn52_0169,0,14.644,21.724,2720000,18608.1,2442.002,992.336,48.24
cn52,cn52_0170,0,14.665,21.724,2720000,21050.1,2442.002,553.852,48.24
cn52,cn52_0171,0,12.801,21.724,2720000,6398.0,2442.002,70.932,47.61
cn52,cn52_0172,0,14.219,21.724,2720000,21050.1,2442.002,533.456,48.1
cn52,cn52_0173,0,17.182,21.724,2720000,21050.1,2442.002,994.19,48.98
cn52,cn52_0174,1,21.882,21.724,2720000,18608.1,2442.002,997.681,50.09
cn52,cn52_0175,0,21.39,21.724,2720000,18608.1,2442.002,995.75,49.98
cn52,cn52_0176,0,11.8,21.724,2720000,-13138.0,2442.002,211.032,47.22
cn52,cn52_0177,0,14.433,21.724,2720000,28376.1,2442.002,588.736,48.17
cn52,cn52_0178,0,14.496,21.724,2720000,18608.1,2442.002,996.031,48.19
cn52,cn52_0179,0,16.035,21.724,2720000,21050.1,2442.002,996.453,48.66
cn52,cn52_0180,0,15.265,21.724,2720000,18608.1,2442.002,996.875,48.43
cn52,cn52_0181,0,19.688,21.724,2720000,21050.1,2442.002,997.361,49.6
cn52,cn52_0182,0,17.038,21.724,2720000,18608.1,2442.002,997.706,48.94
cn52,cn52_0183,1,25.446,21.724,2720000,18608.1,2442.002,998.128,50.77
cn52,cn52_0184,0,16.584,21.724,2720000,18608.1,2442.002,998.563,48.81
cn52,cn52_0185,0,12.104,21.724,2720000,30818.1,2442.002,478.674,47.34
cn52,cn52_0186,0,14.187,21.724,2720000,-10696.0,2442.002,238.449,48.09
cn52,cn52_0187,0,17.455,21.724,2720000,18608.1,2442.002,999.88,49.05
cn52,cn52_0188,0,12.578,21.724,2720000,21050.1,2442.002,571.614,47.52
cn52,cn52_0189,0,12.815,21.724,2720000,18608.1,2442.002,1000.711,47.61
cn52,cn52_0190,0,12.897,21.724,2720000,-10696.0,2442.002,259.33,47.64
cn52,cn52_0191,0,12.842,21.724,2720000,1514.0,2442.002,210.981,47.62
cn52,cn52_0192,0,14.119,21.724,2720000,18608.1,2442.002,1002.029,48.07
cn52,cn52_0193,1,26.763,21.724,2720000,18608.1,2442.002,1005.571,51.0
cn52,cn52_0194,0,15.92,21.724,2720000,18608.1,2442.002,1003.716,48.63
cn52,cn52_0195,0,18.367,21.724,2720000,18608.1,2442.002,1003.282,49.28
cn52,cn52_0196,0,20.013,21.724,2720000,18608.1,2442.002,1003.665,49.68
cn52,cn52_0197,0,15.935,21.724,2720000,18608.1,2442.002,1003.985,48.63
cn52,cn52_0198,1,26.394,21.724,2720000,18608.1,2442.002,1004.433,50.94
cn52,cn52_0199,1,23.251,21.724,2720000,18608.1,2442.002,1004.893,50.36
b2,b2_0000,1,62.485,21.724,2720000,18608.1,2442.002,243.768,54.78
b2,b2_0001,1,75.024,21.724,2720000,18608.1,2442.002,233.679,55.58
b2,b2_0002,1,76.893,21.724,2720000,18608.1,2442.002,233.244,55.69
b2,b2_0003,1,87.59,21.724,2720000,18608.1,2442.002,233.666,56.26
b2,b2_0004,1,64.209,21.724,2720000,18608.1,2442.002,234.088,54.9
b2,b2_0005,1,73.908,21.724,2720000,18608.1,2442.002,244.829,55.52
b2,b2_0006,1,94.446,21.724,2720000,18608.1,2442.002,238.947,56.59
b2,b2_0007,1,74.339,21.724,2720000,18608.1,2442.002,235.341,55.54
b2,b2_0008,1,81.67,21.724,2720000,18608.1,2442.002,235.75,55.95
b2,b2_0009,1,87.309,21.724,2720000,18608.1,2442.002,236.185,56.25
b2,b2_0010,1,84.255,21.724,2720000,18608.1,2442.002,236.607,56.09
b2,b2_0011,1,74.377,21.724,2720000,18608.1,2442.002,237.042,55.54
b2,b2_0012,1,92.935,21.724,2720000,18608.1,2442.002,237.438,56.52
b2,b2_0013,1,58.287,21.724,2720000,18608.1,2442.002,237.86,54.47
b2,b2_0014,1,65.916,21.724,2720000,18608.1,2442.002,238.244,55.01
b2,b2_0015,1,71.339,21.724,2720000,18608.1,2442.002,238.691,55.36
b2,b2_0016,1,77.536,21.724,2720000,18608.1,2442.002,239.126,55.73
b2,b2_0017,1,67.015,21.724,2720000,18608.1,2442.002,239.42,55.08
b2,b2_0018,1,59.396,21.724,2720000,18608.1,2442.002,239.817,54.55
b2,b2_0019,1,70.922,21.724,2720000,18608.1,2442.002,240.239,55.33
cn50,cn50_0000,0,11.427,21.724,2720000,-13138.0,2442.002,155.854,47.07
cn50,cn50_0001,0,12.311,21.724,2720000,3956.0,2442.002,278.793,47.42
cn50,cn50_0002,0,12.401,21.724,2720000,3956.0,2442.002,165.752,47.46
cn50,cn50_0003,0,13.645,21.724,2720000,-32674.0,2442.002,206.684,47.91
cn50,cn50_0004,1,24.135,21.724,2720000,18608.1,2442.002,743.146,50.53
cn50,cn50_0005,1,22.349,21.724,2720000,18608.1,2442.002,743.542,50.18
cn50,cn50_0006,0,20.924,21.724,2720000,18608.1,2442.002,743.99,49.88
cn50,cn50_0007,0,12.351,21.724,2720000,-8254.0,2442.002,267.809,47.44
cn50,cn50_0008,0,16.847,21.724,2720000,3956.0,2442.002,90.267,48.89
cn50,cn50_0009,0,18.649,21.724,2720000,18608.1,2442.002,745.076,49.35
cn50,cn50_0010,0,19.123,21.724,2720000,18608.1,2442.002,745.537,49.47
cn50,cn50_0011,0,13.508,21.724,2720000,-22906.0,2442.002,243.679,47.86
cn50,cn50_0012,0,18.523,21.724,2720000,18608.1,2442.002,746.355,49.32
cn50,cn50_0013,0,14.859,21.724,2720000,18608.1,2442.002,746.828,48.31
cn50,cn50_0014,0,13.03,21.724,2720000,-35116.0,2442.002,351.81,47.69
cn50,cn50_0015,0,13.899,21.724,2720000,21050.1,2442.002,747.634,47.99
cn50,cn50_0016,0,19.957,21.724,2720000,18608.1,2442.002,748.082,49.67
cn50,cn50_0017,0,13.674,21.724,2720000,-27790.0,2442.002,313.434,47.92
cn50,cn50_0018,0,13.403,21.724,2720000,3956.0,2442.002,164.626,47.82
cn50,cn50_0019,0,11.573,21.724,2720000,6398.0,2442.002,35.485,47.13
cn50,cn50_0020,0,12.754,21.724,2720000,-8254.0,2442.002,179.869,47.59
cn50,cn50_0021,0,13.812,21.724,2720000,38144.1,2442.002,833.86,47.96
cn50,cn50_0022,0,11.167,21.724,2720000,6398.0,2442.002,54.347,46.96
cn50,cn50_0023,0,13.667,21.724,2720000,18608.1,2442.002,751.087,47.91
cn50,cn50_0024,0,10.545,21.724,2720000,-15580.0,2442.002,549.76,46.69
cn50,cn50_0025,0,12.518,21.724,2720000,-13138.0,2442.002,207.835,47.5
cn50,cn50_0026,1,21.805,21.724,2720000,18608.1,2442.002,752.199,50.07
cn50,cn50_0027,0,12.734,21.724,2720000,18608.1,2442.002,752.57,47.58
cn50,cn50_0028,0,12.204,21.724,2720000,3956.0,2442.002,654.746,47.38
cn50,cn50_0029,0,12.508,21.724,2720000,21050.1,2442.002,753.388,47.5
cn50,cn50_0030,0,11.867,21.724,2720000,-8254.0,2442.002,280.75,47.25
cn50,cn50_0031,0,10.945,21.724,2720000,-928.0,2442.002,118.259,46.86
cn50,cn50_0032,0,14.078,21.724,2720000,-13138.0,2442.002,210.7,48.05
cn50,cn50_0033,0,19.845,21.724,2720000,18608.1,2442.002,754.987,49.64
cn50,cn50_0034,0,12.962,21.724,2720000,18608.1,2442.002,755.537,47.67
cn50,cn50_0035,0,14.583,21.724,2720000,-32674.0,2442.002,216.531,48.22
cn50,cn50_0036,0,13.351,21.724,2720000,3956.0,2442.002,57.058,47.8
cn50,cn50_0037,1,23.45,21.724,2720000,18608.1,2442.002,757.659,50.4
cn50,cn50_0038,0,14.435,21.724,2720000,-27790.0,2442.002,315.915,48.17
cn50,cn50_0039,0,15.55,21.724,2720000,6398.0,2442.002,85.663,48.52
cn50,cn50_0040,0,12.612,21.724,2720000,35702.1,2442.002,805.689,47.54
cn50,cn50_0041,0,13.174,21.724,2720000,18608.1,2442.002,758.427,47.74
cn50,cn50_0042,0,12.869,21.724,2720000,18608.1,2442.002,758.861,47.63
cn50,cn50_0043,0,13.947,21.724,2720000,-27790.0,2442.002,88.963,48.01
cn50,cn50_0044,0,12.422,21.724,2720000,21050.1,2442.002,759.744,47.47
cn50,cn50_0045,0,11.739,21.724,2720000,-32674.0,2442.002,220.546,47.2
cn50,cn50_0046,0,14.081,21.724,2720000,18608.1,2442.002,760.383,48.05
cn50,cn50_0047,0,21.209,21.724,2720000,18608.1,2442.002,760.882,49.94
cn50,cn50_0048,0,20.195,21.724,2720000,18608.1,2442.002,761.176,49.72
cn50,cn50_0049,0,13.531,21.724,2720000,18608.1,2442.002,761.508,47.87
cn50,cn50_0050,0,10.936,21.724,2720000,-8254.0,2442.002,241.121,46.86
cn50,cn50_0051,0,14.351,21.724,2720000,18608.1,2442.002,762.57,48.14
cn50,cn50_0052,0,16.954,21.724,2720000,18608.1,2442.002,763.005,48.92
cn50,cn50_0053,0,12.855,21.724,2720000,35702.1,2442.002,776.802,47.63
cn50,cn50_0054,0,13.5,21.724,2720000,-27790.0,2442.002,96.533,47.86
cn50,cn50_0055,0,12.336,21.724,2720000,-8254.0,2442.002,283.409,47.43
cn50,cn50_0056,1,25.41,21.724,2720000,18608.1,2442.002,765.536,50.76
cn50,cn50_0057,0,11.334,21.724,2720000,6398.0,2442.002,52.288,47.03
cn50,cn50_0058,0,10.537,21.724,2720000,35702.1,2442.002,733.619,46.68
cn50,cn50_0059,0,12.193,21.724,2720000,18608.1,2442.002,766.01,47.38
cn50,cn50_0060,0,11.542,21.724,2720000,-40000.0,2442.002,286.977,47.12
cn50,cn50_0061,0,13.691,21.724,2720000,3956.0,2442.002,79.96,47.92
cn50,cn50_0062,0,12.79,21.724,2720000,3956.0,2442.002,49.334,47.6
cn50,cn50_0063,0,12.096,21.724,2720000,-10696.0,2442.002,220.853,47.34
cn50,cn50_0064,0,15.296,21.724,2720000,3956.0,2442.002,215.354,48.44
cn50,cn50_0065,0,11.462,21.724,2720000,1514.0,2442.002,137.964,47.08
cn50,cn50_0066,0,12.539,21.724,2720000,3956.0,2442.002,77.646,47.51
cn50,cn50_0067,0,11.488,21.724,2720000,6398.0,2442.002,4.91,47.09
cn50,cn50_0068,0,14.706,21.724,2720000,18608.1,2442.002,769.654,48.26
cn50,cn50_0069,0,12.222,21.724,2720000,18608.1,2442.002,769.974,47.39
cn50,cn50_0070,0,14.879,21.724,2720000,18608.1,2442.002,770.357,48.31
cn50,cn50_0071,0,16.185,21.724,2720000,18608.1,2442.002,770.869,48.7
cn50,cn50_0072,0,13.285,21.724,2720000,-5812.0,2442.002,317.744,47.78
cn50,cn50_0073,0,19.849,21.724,2720000,18608.1,2442.002,774.846,49.64
cn50,cn50_0074,0,14.042,21.724,2720000,28376.1,2442.002,623.582,48.04
cn50,cn50_0075,0,14.293,21.724,2720000,18608.1,2442.002,772.544,48.12
cn50,cn50_0076,0,16.205,21.724,2720000,18608.1,2442.002,772.953,48.71
cn50,cn50_0077,0,16.606,21.724,2720000,18608.1,2442.002,773.439,48.82
cn50,cn50_0078,0,12.82,21.724,2720000,-10696.0,2442.002,195.483,47.61
cn50,cn50_0079,0,12.564,21.724,2720000,-8254.0,2442.002,145.036,47.52
cn50,cn50_0080,0,15.03,21.724,2720000,18608.1,2442.002,774.667,48.36
cn50,cn50_0081,0,12.028,21.724,2720000,1514.0,2442.002,337.743,47.31
cn50,cn50_0082,0,16.597,21.724,2720000,18608.1,2442.002,775.524,48.82
cn50,cn50_0083,0,16.497,21.724,2720000,18608.1,2442.002,775.958,48.79
cn50,cn50_0084,0,16.56,21.724,2720000,18608.1,2442.002,776.227,48.81
cn50,cn50_0085,0,21.45,21.724,2720000,18608.1,2442.002,776.585,49.99
cn50,cn50_0086,0,13.039,21.724,2720000,1514.0,2442.002,273.921,47.69
cn50,cn50_0087,0,16.491,21.724,2720000,18608.1,2442.002,777.442,48.79
cn50,cn50_0088,0,15.745,21.724,2720000,18608.1,2442.002,777.953,48.57
cn50,cn50_0089,1,24.138,21.724,2720000,18608.1,2442.002,778.465,50.53
cn50,cn50_0090,0,20.12,21.724,2720000,18608.1,2442.002,778.695,49.7
cn50,cn50_0091,1,25.672,21.724,2720000,18608.1,2442.002,779.206,50.81
cn50,cn50_0092,0,14.378,21.724,2720000,-10696.0,2442.002,258.768,48.15
cn50,cn50_0093,0,15.938,21.724,2720000,18608.1,2442.002,780.971,48.63
cn50,cn50_0094,0,14.109,21.724,2720000,1514.0,2442.002,217.375,48.06
cn50,cn50_0095,0,13.103,21.724,2720000,21050.1,2442.002,780.881,47.72
cn50,cn50_0096,0,15.971,21.724,2720000,21050.1,2442.002,606.818,48.64
cn50,cn50_0097,0,11.902,21.724,2720000,6398.0,2442.002,71.086,47.26
cn50,cn50_0098,1,25.611,21.724,2720000,18608.1,2442.002,782.135,50.8
cn50,cn50_0099,0,14.349,21.724,2720000,3956.0,2442.002,56.968,48.14
cn50,cn50_0100,0,20.21,21.724,2720000,18608.1,2442.002,782.979,49.72
cn50,cn50_0101,0,13.208,21.724,2720000,-8254.0,2442.002,171.928,47.75
cn50,cn50_0102,0,13.889,21.724,2720000,18608.1,2442.002,783.708,47.99
cn50,cn50_0103,0,12.74,21.724,2720000,-30232.0,2442.002,158.13,47.58
cn50,cn50_0104,0,11.704,21.724,2720000,-27790.0,2442.002,84.091,47.18
cn50,cn50_0105,1,25.625,21.724,2720000,18608.1,2442.002,784.986,50.8
cn50,cn50_0106,0,18.537,21.724,2720000,18608.1,2442.002,785.434,49.33
cn50,cn50_0107,0,11.986,21.724,2720000,21050.1,2442.002,594.58,47.3
cn50,cn50_0108,0,14.355,21.724,2720000,23492.1,2442.002,555.745,48.14
cn50,cn50_0109,0,11.629,21.724,2720000,3956.0,2442.002,143.284,47.15
cn50,cn50_0110,0,12.42,21.724,2720000,-37558.0,2442.002,935.239,47.46
cn50,cn50_0111,0,15.421,21.724,2720000,-8254.0,2442.002,282.45,48.48
cn50,cn50_0112,0,11.915,21.724,2720000,-27790.0,2442.002,93.541,47.27
cn50,cn50_0113,0,11.74,21.724,2720000,3956.0,2442.002,269.829,47.2
cn50,cn50_0114,0,13.261,21.724,2720000,3956.0,2442.002,65.37,47.77
cn50,cn50_0115,0,11.957,21.724,2720000,18608.1,2442.002,789.181,47.28
cn50,cn50_0116,0,12.123,21.724,2720000,18608.1,2442.002,789.654,47.35
cn50,cn50_0117,0,12.666,21.724,2720000,-8254.0,2442.002,242.732,47.56
cn50,cn50_0118,0,12.854,21.724,2720000,18608.1,2442.002,790.562,47.63
cn50,cn50_0119,0,13.111,21.724,2720000,35702.1,2442.002,791.649,47.72
cn50,cn50_0120,0,13.934,21.724,2720000,21050.1,2442.002,791.303,48.01
cn50,cn50_0121,0,16.501,21.724,2720000,18608.1,2442.002,791.649,48.79
cn50,cn50_0122,0,13.12,21.724,2720000,-8254.0,2442.002,250.942,47.72
cn50,cn50_0123,0,13.335,21.724,2720000,-27790.0,2442.002,299.573,47.8
cn50,cn50_0124,0,11.627,21.724,2720000,3956.0,2442.002,725.908,47.15
cn50,cn50_0125,0,13.82,21.724,2720000,3956.0,2442.002,62.071,47.97
cn50,cn50_0126,0,12.496,21.724,2720000,3956.0,2442.002,1004.266,47.49
cn50,cn50_0127,0,11.327,21.724,2720000,-5812.0,2442.002,1015.379,47.03
cn50,cn50_0128,0,18.484,21.724,2720000,18608.1,2442.002,794.654,49.31
cn50,cn50_0129,0,12.937,21.724,2720000,-8254.0,2442.002,175.803,47.66
cn50,cn50_0130,0,13.919,21.724,2720000,18608.1,2442.002,798.605,48.0
cn50,cn50_0131,0,12.019,21.724,2720000,30818.1,2442.002,654.72,47.31
cn50,cn50_0132,0,13.87,21.724,2720000,21050.1,2442.002,796.278,47.98
cn50,cn50_0133,0,13.955,21.724,2720000,21050.1,2442.002,796.738,48.01
cn50,cn50_0134,0,13.261,21.724,2720000,18608.1,2442.002,539.799,47.77
cn50,cn50_0135,0,14.056,21.724,2720000,3956.0,2442.002,60.127,48.05
cn50,cn50_0136,0,16.135,21.724,2720000,18608.1,2442.002,798.03,48.69
cn50,cn50_0137,0,11.556,21.724,2720000,-10696.0,2442.002,284.522,47.12
cn50,cn50_0138,0,14.093,21.724,2720000,18608.1,2442.002,798.861,48.06
cn50,cn50_0139,0,15.265,21.724,2720000,18608.1,2442.002,799.321,48.43
cn50,cn50_0140,0,18.624,21.724,2720000,18608.1,2442.002,799.615,49.35
cn50,cn50_0141,0,11.713,21.724,2720000,3956.0,2442.002,646.651,47.19
cn50,cn50_0142,0,19.133,21.724,2720000,18608.1,2442.002,800.421,49.47
cn50,cn50_0143,0,12.474,21.724,2720000,35702.1,2442.002,752.391,47.48
cn50,cn50_0144,0,15.436,21.724,2720000,18608.1,2442.002,801.278,48.48
cn50,cn50_0145,0,13.461,21.724,2720000,-27790.0,2442.002,319.138,47.84
cn50,cn50_0146,0,14.92,21.724,2720000,21050.1,2442.002,802.16,48.32
cn50,cn50_0147,0,14.466,21.724,2720000,21050.1,2442.002,802.71,48.18
cn50,cn50_0148,0,15.681,21.724,2720000,18608.1,2442.002,803.042,48.56
cn50,cn50_0149,0,11.693,21.724,2720000,-10696.0,2442.002,176.621,47.18
cn50,cn50_0150,0,13.794,21.724,2720000,3956.0,2442.002,141.238,47.96
cn50,cn50_0151,0,18.432,21.724,2720000,18608.1,2442.002,804.244,49.3
cn50,cn50_0152,0,15.101,21.724,2720000,3956.0,2442.002,162.388,48.38
cn50,cn50_0153,0,12.965,21.724,2720000,18608.1,2442.002,805.114,47.67
cn50,cn50_0154,0,14.051,21.724,2720000,3956.0,2442.002,19.706,48.04
cn50,cn50_0155,0,12.274,21.724,2720000,11282.1,2442.002,946.607,47.41
cn50,cn50_0156,0,11.641,21.724,2720000,6398.0,2442.002,54.858,47.16
cn50,cn50_0157,0,14.223,21.724,2720000,18608.1,2442.002,806.827,48.1
cn50,cn50_0158,0,11.445,21.724,2720000,35702.1,2442.002,730.729,47.08
cn50,cn50_0159,0,11.934,21.724,2720000,-30232.0,2442.002,175.419,47.28
cn50,cn50_0160,0,11.239,21.724,2720000,-10696.0,2442.002,256.709,46.99
cn50,cn50_0161,0,15.596,21.724,2720000,35702.1,2442.002,770.383,48.53
cn50,cn50_0162,0,13.49,21.724,2720000,18608.1,2442.002,808.707,47.85
cn50,cn50_0163,0,16.889,21.724,2720000,18608.1,2442.002,809.219,48.9
cn50,cn50_0164,0,12.709,21.724,2720000,18608.1,2442.002,809.602,47.57
cn50,cn50_0165,0,16.245,21.724,2720000,18608.1,2442.002,809.973,48.72
cn50,cn50_0166,0,14.122,21.724,2720000,-10696.0,2442.002,188.385,48.07
cn50,cn50_0167,0,15.598,21.724,2720000,18608.1,2442.002,810.855,48.53
cn50,cn50_0168,0,12.855,21.724,2720000,18608.1,2442.002,814.538,47.63
cn50,cn50_0169,0,12.619,21.724,2720000,18608.1,2442.002,812.748,47.54
cn50,cn50_0170,0,12.22,21.724,2720000,-8254.0,2442.002,264.458,47.39
cn50,cn50_0171,0,15.674,21.724,2720000,1514.0,2442.002,250.43,48.55
cn50,cn50_0172,0,12.986,21.724,2720000,-10696.0,2442.002,198.245,47.67
cn50,cn50_0173,0,13.383,21.724,2720000,-10696.0,2442.002,212.707,47.82
cn50,cn50_0174,0,11.39,21.724,2720000,18608.1,2442.002,813.899,47.05
cn50,cn50_0175,1,24.41,21.724,2720000,18608.1,2442.002,814.295,50.58
cn50,cn50_0176,0,14.622,21.724,2720000,-10696.0,2442.002,175.023,48.23
cn50,cn50_0177,0,14.72,21.724,2720000,21050.1,2442.002,815.19,48.26
cn50,cn50_0178,0,12.866,21.724,2720000,21050.1,2442.002,815.484,47.63
cn50,cn50_0179,0,12.533,21.724,2720000,18608.1,2442.002,815.894,47.51
cn50,cn50_0180,0,14.388,21.724,2720000,-20464.0,2442.002,269.177,48.15
cn50,cn50_0181,0,15.569,21.724,2720000,18608.1,2442.002,816.84,48.52
cn50,cn50_0182,0,11.259,21.724,2720000,-35116.0,2442.002,290.315,47.0
cn50,cn50_0183,0,18.215,21.724,2720000,18608.1,2442.002,817.569,49.25
cn50,cn50_0184,0,11.099,21.724,2720000,30818.1,2442.002,645.666,46.93
cn50,cn50_0185,0,15.48,21.724,2720000,18608.1,2442.002,818.374,48.5
cn50,cn50_0186,0,12.081,21.724,2720000,21050.1,2442.002,821.993,47.33
cn50,cn50_0187,0,15.57,21.724,2720000,21050.1,2442.002,820.216,48.52
cn50,cn50_0188,0,11.683,21.724,2720000,21050.1,2442.002,546.512,47.17
cn50,cn50_0189,0,13.313,21.724,2720000,-27790.0,2442.002,299.624,47.79
cn50,cn50_0190,0,14.366,21.724,2720000,3956.0,2442.002,268.499,48.15
cn50,cn50_0191,0,16.163,21.724,2720000,18608.1,2442.002,820.996,48.7
cn50,cn50_0192,0,15.325,21.724,2720000,35702.1,2442.002,777.467,48.45
cn50,cn50_0193,0,11.225,21.724,2720000,6398.0,2442.002,947.503,46.98
cn50,cn50_0194,0,14.189,21.724,2720000,21050.1,2442.002,822.313,48.09
cn50,cn50_0195,0,15.187,21.724,2720000,-10696.0,2442.002,252.566,48.41
cn50,cn50_0196,0,17.11,21.724,2720000,18608.1,2442.002,823.004,48.96
cn50,cn50_0197,0,14.904,21.724,2720000,35702.1,2442.002,722.11,48.32
cn50,cn50_0198,0,12.834,21.724,2720000,18608.1,2442.002,823.86,47.62
cn50,cn50_0199,0,14.369,21.724,2720000,21050.1,2442.002,824.257,48.15
b3,b3_0000,1,61.615,21.724,2720000,18608.1,2442.002,919.971,54.71
b3,b3_0001,1,63.425,21.724,2720000,18608.1,2442.002,909.882,54.84
b3,b3_0002,1,76.544,21.724,2720000,18608.1,2442.002,909.434,55.67
b3,b3_0003,1,74.628,21.724,2720000,18608.1,2442.002,909.741,55.56
b3,b3_0004,1,79.756,21.724,2720000,18608.1,2442.002,910.163,55.85
b3,b3_0005,1,79.892,21.724,2720000,18608.1,2442.002,910.598,55.86
b3,b3_0006,1,79.974,21.724,2720000,18608.1,2442.002,911.045,55.86
b3,b3_0007,1,88.363,21.724,2720000,18608.1,2442.002,911.455,56.3
b3,b3_0008,1,57.79,21.724,2720000,18608.1,2442.002,911.889,54.43
b3,b3_0009,1,71.168,21.724,2720000,18608.1,2442.002,912.311,55.35
b3,b3_0010,1,76.429,21.724,2720000,18608.1,2442.002,912.721,55.66
b3,b3_0011,1,71.404,21.724,2720000,18608.1,2442.002,913.155,55.36
b3,b3_0012,1,60.086,21.724,2720000,18608.1,2442.002,913.577,54.6
b3,b3_0013,1,72.916,21.724,2720000,18608.1,2442.002,913.987,55.46
b3,b3_0014,1,79.958,21.724,2720000,18608.1,2442.002,924.754,55.86
b3,b3_0015,1,80.849,21.724,2720000,18608.1,2442.002,918.807,55.91
b3,b3_0016,1,73.281,21.724,2720000,18608.1,2442.002,915.304,55.48
b3,b3_0017,1,80.374,21.724,2720000,18608.1,2442.002,915.675,55.88
b3,b3_0018,1,73.108,21.724,2720000,18608.1,2442.002,916.084,55.47
b3,b3_0019,1,82.298,21.724,2720000,18608.1,2442.002,916.493,55.99
cn60,cn60_0000,1,75.334,21.724,2720000,18608.1,2442.002,942.579,55.6
cn60,cn60_0001,1,63.383,21.724,2720000,18608.1,2442.002,932.516,54.84
cn60,cn60_0002,1,75.354,21.724,2720000,18608.1,2442.002,932.068,55.6
cn60,cn60_0003,1,73.676,21.724,2720000,18608.1,2442.002,932.503,55.5
cn60,cn60_0004,1,78.05,21.724,2720000,18608.1,2442.002,932.899,55.76
cn60,cn60_0005,1,84.071,21.724,2720000,18608.1,2442.002,933.206,56.08
cn60,cn60_0006,1,72.108,21.724,2720000,18608.1,2442.002,933.654,55.41
cn60,cn60_0007,1,82.507,21.724,2720000,18608.1,2442.002,934.089,56.0
cn60,cn60_0008,1,79.644,21.724,2720000,18608.1,2442.002,934.485,55.84
cn60,cn60_0009,1,84.545,21.724,2720000,18608.1,2442.002,934.907,56.11
cn60,cn60_0010,1,73.753,21.724,2720000,18608.1,2442.002,935.342,55.51
cn60,cn60_0011,1,71.908,21.724,2720000,18608.1,2442.002,935.764,55.39
cn60,cn60_0012,1,88.703,21.724,2720000,18608.1,2442.002,936.186,56.32
cn60,cn60_0013,1,87.965,21.724,2720000,18608.1,2442.002,936.608,56.28
cn60,cn60_0014,1,63.642,21.724,2720000,18608.1,2442.002,937.03,54.86
cn60,cn60_0015,1,57.673,21.724,2720000,18608.1,2442.002,937.439,54.42
cn60,cn60_0016,1,77.483,21.724,2720000,18608.1,2442.002,948.193,55.72
cn60,cn60_0017,1,73.833,21.724,2720000,18608.1,2442.002,942.311,55.51
cn60,cn60_0018,1,73.419,21.724,2720000,18608.1,2442.002,938.679,55.49
cn60,cn60_0019,1,74.1,21.724,2720000,18608.1,2442.002,939.127,55.53
cn60,cn60_0020,1,87.278,21.724,2720000,18608.1,2442.002,939.549,56.25
cn60,cn60_0021,1,71.807,21.724,2720000,18608.1,2442.002,939.996,55.39
cn60,cn60_0022,1,77.776,21.724,2720000,18608.1,2442.002,940.406,55.74
cn60,cn60_0023,1,66.977,21.724,2720000,18608.1,2442.002,940.828,55.08
cn60,cn60_0024,1,75.675,21.724,2720000,18608.1,2442.002,941.134,55.62
cn60,cn60_0025,1,72.592,21.724,2720000,18608.1,2442.002,941.544,55.44
cn60,cn60_0026,1,76.324,21.724,2720000,18608.1,2442.002,941.966,55.66
cn60,cn60_0027,1,77.694,21.724,2720000,18608.1,2442.002,942.388,55.74
cn60,cn60_0028,1,77.41,21.724,2720000,18608.1,2442.002,942.822,55.72
cn60,cn60_0029,1,68.91,21.724,2720000,18608.1,2442.002,943.283,55.21
cn60,cn60_0030,1,53.723,21.724,2720000,18608.1,2442.002,943.641,54.11
cn60,cn60_0031,1,62.371,21.724,2720000,18608.1,2442.002,944.114,54.77
cn60,cn60_0032,1,68.478,21.724,2720000,18608.1,2442.002,944.536,55.18
cn60,cn60_0033,1,73.859,21.724,2720000,18608.1,2442.002,944.92,55.51
cn60,cn60_0034,1,70.823,21.724,2720000,18608.1,2442.002,945.367,55.33
cn60,cn60_0035,1,51.886,21.724,2720000,18608.1,2442.002,948.973,53.95
cn60,cn60_0036,1,75.279,21.724,2720000,18608.1,2442.002,947.055,55.6
cn60,cn60_0037,1,74.933,21.724,2720000,18608.1,2442.002,946.633,55.58
cn60,cn60_0038,1,74.401,21.724,2720000,18608.1,2442.002,947.055,55.54
cn60,cn60_0039,1,83.45,21.724,2720000,18608.1,2442.002,947.503,56.05
cn60,cn60_0040,1,72.085,21.724,2720000,18608.1,2442.002,947.912,55.41
cn60,cn60_0041,1,61.911,21.724,2720000,18608.1,2442.002,948.334,54.73
cn60,cn60_0042,1,91.44,21.724,2720000,18608.1,2442.002,948.628,56.45
cn60,cn60_0043,1,64.662,21.724,2720000,18608.1,2442.002,949.05,54.93
cn60,cn60_0044,1,65.702,21.724,2720000,18608.1,2442.002,949.434,55.0
cn60,cn60_0045,1,71.152,21.724,2720000,18608.1,2442.002,949.894,55.35
cn60,cn60_0046,1,67.097,21.724,2720000,18608.1,2442.002,950.354,55.09
cn60,cn60_0047,1,65.096,21.724,2720000,18608.1,2442.002,950.712,54.96
cn60,cn60_0048,1,38.645,21.724,2720000,16166.1,2442.002,951.147,52.64
cn60,cn60_0049,1,93.989,21.724,2720000,18608.1,2442.002,951.582,56.57
cn60,cn60_0050,1,79.917,21.724,2720000,18608.1,2442.002,952.042,55.86
cn60,cn60_0051,1,77.865,21.724,2720000,18608.1,2442.002,952.503,55.75
cn60,cn60_0052,1,61.094,21.724,2720000,18608.1,2442.002,952.899,54.68
cn60,cn60_0053,1,82.008,21.724,2720000,18608.1,2442.002,953.308,55.97
cn60,cn60_0054,1,91.967,21.724,2720000,18608.1,2442.002,956.94,56.48
cn60,cn60_0055,1,65.874,21.724,2720000,18608.1,2442.002,955.022,55.01
cn60,cn60_0056,1,81.598,21.724,2720000,18608.1,2442.002,954.574,55.95
cn60,cn60_0057,1,69.08,21.724,2720000,21050.1,2442.002,954.996,55.22
cn60,cn60_0058,1,88.653,21.724,2720000,18608.1,2442.002,955.431,56.32
cn60,cn60_0059,1,71.4,21.724,2720000,18608.1,2442.002,955.827,55.36
cn60,cn60_0060,1,72.559,21.724,2720000,18608.1,2442.002,956.262,55.43
cn60,cn60_0061,1,82.475,21.724,2720000,18608.1,2442.002,956.556,56.0
cn60,cn60_0062,1,69.091,21.724,2720000,18608.1,2442.002,957.004,55.22
cn60,cn60_0063,1,38.402,21.724,2720000,16166.1,2442.002,957.426,52.62
cn60,cn60_0064,1,68.582,21.724,2720000,18608.1,2442.002,957.848,55.19
cn60,cn60_0065,1,70.909,21.724,2720000,18608.1,2442.002,958.27,55.33
cn60,cn60_0066,1,81.89,21.724,2720000,18608.1,2442.002,958.692,55.97
cn60,cn60_0067,1,81.332,21.724,2720000,18608.1,2442.002,959.088,55.94
cn60,cn60_0068,1,67.245,21.724,2720000,18608.1,2442.002,959.536,55.1
cn60,cn60_0069,1,73.786,21.724,2720000,18608.1,2442.002,959.958,55.51
cn60,cn60_0070,1,68.541,21.724,2720000,18608.1,2442.002,960.354,55.18
cn60,cn60_0071,1,84.621,21.724,2720000,18608.1,2442.002,960.802,56.11
cn60,cn60_0072,1,81.979,21.724,2720000,18608.1,2442.002,961.224,55.97
cn60,cn60_0073,1,80.364,21.724,2720000,18608.1,2442.002,964.83,55.88
cn60,cn60_0074,1,76.197,21.724,2720000,18608.1,2442.002,962.937,55.65
cn60,cn60_0075,1,78.882,21.724,2720000,18608.1,2442.002,962.49,55.8
cn60,cn60_0076,1,74.013,21.724,2720000,18608.1,2442.002,962.912,55.52
cn60,cn60_0077,1,68.673,21.724,2720000,18608.1,2442.002,963.321,55.19
cn60,cn60_0078,1,69.769,21.724,2720000,18608.1,2442.002,963.768,55.26
cn60,cn60_0079,1,69.666,21.724,2720000,18608.1,2442.002,964.165,55.26
cn60,cn60_0080,1,80.926,21.724,2720000,18608.1,2442.002,964.472,55.91
cn60,cn60_0081,1,76.884,21.724,2720000,18608.1,2442.002,964.906,55.69
cn60,cn60_0082,1,69.493,21.724,2720000,18608.1,2442.002,965.303,55.24
cn60,cn60_0083,1,71.106,21.724,2720000,18608.1,2442.002,965.738,55.35
cn60,cn60_0084,1,86.167,21.724,2720000,18608.1,2442.002,966.16,56.19
cn60,cn60_0085,1,78.684,21.724,2720000,18608.1,2442.002,966.582,55.79
cn60,cn60_0086,1,90.281,21.724,2720000,18608.1,2442.002,967.042,56.4
cn60,cn60_0087,1,75.674,21.724,2720000,18608.1,2442.002,967.426,55.62
cn60,cn60_0088,1,70.383,21.724,2720000,18608.1,2442.002,967.86,55.3
cn60,cn60_0089,1,83.564,21.724,2720000,18608.1,2442.002,968.257,56.06
cn60,cn60_0090,1,69.797,21.724,2720000,18608.1,2442.002,968.704,55.26
cn60,cn60_0091,1,75.834,21.724,2720000,18608.1,2442.002,969.139,55.63
cn60,cn60_0092,1,74.707,21.724,2720000,18608.1,2442.002,972.758,55.56
cn60,cn60_0093,1,59.238,21.724,2720000,18608.1,2442.002,970.814,54.54
cn60,cn60_0094,1,71.867,21.724,2720000,18608.1,2442.002,970.392,55.39
cn60,cn60_0095,1,80.89,21.724,2720000,18608.1,2442.002,970.84,55.91
cn60,cn60_0096,1,74.925,21.724,2720000,18608.1,2442.002,971.262,55.58
cn60,cn60_0097,1,74.253,21.724,2720000,18608.1,2442.002,971.671,55.54
cn60,cn60_0098,1,80.563,21.724,2720000,18608.1,2442.002,972.093,55.89
cn60,cn60_0099,1,81.76,21.724,2720000,18608.1,2442.002,972.4,55.96
cn60,cn60_0100,1,70.635,21.724,2720000,18608.1,2442.002,972.809,55.32
cn60,cn60_0101,1,61.817,21.724,2720000,18608.1,2442.002,973.244,54.73
cn60,cn60_0102,1,72.006,21.724,2720000,18608.1,2442.002,973.64,55.4
cn60,cn60_0103,1,27.228,21.724,2720000,23492.1,2442.002,974.101,51.08
cn60,cn60_0104,1,65.32,21.724,2720000,18608.1,2442.002,974.51,54.97
cn60,cn60_0105,1,79.181,21.724,2720000,18608.1,2442.002,974.906,55.82
cn60,cn60_0106,1,63.474,21.724,2720000,18608.1,2442.002,975.367,54.84
cn60,cn60_0107,1,70.488,21.724,2720000,18608.1,2442.002,975.776,55.31
cn60,cn60_0108,1,74.815,21.724,2720000,18608.1,2442.002,976.198,55.57
cn60,cn60_0109,1,80.624,21.724,2720000,18608.1,2442.002,976.607,55.9
cn60,cn60_0110,1,88.167,21.724,2720000,18608.1,2442.002,984.599,56.29
cn60,cn60_0111,1,60.203,21.724,2720000,18608.1,2442.002,979.164,54.61
cn60,cn60_0112,1,73.757,21.724,2720000,18608.1,2442.002,977.898,55.51
cn60,cn60_0113,1,58.59,21.724,2720000,18608.1,2442.002,978.295,54.49
cn60,cn60_0114,1,80.331,21.724,2720000,18608.1,2442.002,978.755,55.88
cn60,cn60_0115,1,76.675,21.724,2720000,18608.1,2442.002,979.139,55.68
cn60,cn60_0116,1,78.485,21.724,2720000,18608.1,2442.002,979.599,55.78
cn60,cn60_0117,1,84.769,21.724,2720000,18608.1,2442.002,980.034,56.12
cn60,cn60_0118,1,80.779,21.724,2720000,18608.1,2442.002,980.303,55.91
cn60,cn60_0119,1,77.521,21.724,2720000,18608.1,2442.002,980.712,55.73
cn60,cn60_0120,1,56.126,21.724,2720000,18608.1,2442.002,981.134,54.3
cn60,cn60_0121,1,67.234,21.724,2720000,18608.1,2442.002,981.568,55.1
cn60,cn60_0122,1,78.331,21.724,2720000,18608.1,2442.002,982.016,55.77
cn60,cn60_0123,1,74.591,21.724,2720000,18608.1,2442.002,982.451,55.56
cn60,cn60_0124,1,76.912,21.724,2720000,18608.1,2442.002,982.86,55.69
cn60,cn60_0125,1,72.918,21.724,2720000,18608.1,2442.002,983.282,55.46
cn60,cn60_0126,1,82.645,21.724,2720000,18608.1,2442.002,983.678,56.01
cn60,cn60_0127,1,78.944,21.724,2720000,18608.1,2442.002,984.1,55.81
cn60,cn60_0128,1,85.065,21.724,2720000,18608.1,2442.002,984.535,56.13
cn60,cn60_0129,1,69.909,21.724,2720000,18608.1,2442.002,988.154,55.27
cn60,cn60_0130,1,86.31,21.724,2720000,18608.1,2442.002,986.223,56.2
cn60,cn60_0131,1,89.927,21.724,2720000,18608.1,2442.002,985.814,56.38
cn60,cn60_0132,1,76.448,21.724,2720000,18608.1,2442.002,986.223,55.66
cn60,cn60_0133,1,95.897,21.724,2720000,18608.1,2442.002,986.658,56.66
cn60,cn60_0134,1,85.025,21.724,2720000,18608.1,2442.002,987.067,56.13
cn60,cn60_0135,1,83.297,21.724,2720000,18608.1,2442.002,987.553,56.04
cn60,cn60_0136,1,85.453,21.724,2720000,21050.1,2442.002,987.822,56.15
cn60,cn60_0137,1,78.272,21.724,2720000,18608.1,2442.002,988.231,55.77
cn60,cn60_0138,1,80.419,21.724,2720000,18608.1,2442.002,988.653,55.89
cn60,cn60_0139,1,81.108,21.724,2720000,18608.1,2442.002,989.113,55.92
cn60,cn60_0140,1,85.719,21.724,2720000,18608.1,2442.002,989.586,56.17
cn60,cn60_0141,1,76.318,21.724,2720000,18608.1,2442.002,989.944,55.66
cn60,cn60_0142,1,83.665,21.724,2720000,18608.1,2442.002,990.392,56.06
cn60,cn60_0143,1,88.259,21.724,2720000,18608.1,2442.002,990.801,56.3
cn60,cn60_0144,1,81.897,21.724,2720000,18608.1,2442.002,991.223,55.97
cn60,cn60_0145,1,77.649,21.724,2720000,18608.1,2442.002,991.658,55.73
cn60,cn60_0146,1,85.893,21.724,2720000,18608.1,2442.002,992.054,56.18
cn60,cn60_0147,1,67.037,21.724,2720000,18608.1,2442.002,992.476,55.09
cn60,cn60_0148,1,68.024,21.724,2720000,18608.1,2442.002,996.121,55.15
cn60,cn60_0149,1,64.045,21.724,2720000,18608.1,2442.002,994.228,54.88
cn60,cn60_0150,1,67.152,21.724,2720000,18608.1,2442.002,993.806,55.09
cn60,cn60_0151,1,70.151,21.724,2720000,18608.1,2442.002,994.19,55.29
cn60,cn60_0152,1,99.271,21.724,2720000,18608.1,2442.002,994.612,56.81
cn60,cn60_0153,1,72.866,21.724,2720000,18608.1,2442.002,995.047,55.45
cn60,cn60_0154,1,91.035,21.724,2720000,18608.1,2442.002,995.469,56.43
cn60,cn60_0155,1,86.065,21.724,2720000,18608.1,2442.002,995.763,56.19
cn60,cn60_0156,1,60.388,21.724,2720000,18608.1,2442.002,996.197,54.62
cn60,cn60_0157,1,73.1,21.724,2720000,18608.1,2442.002,996.607,55.47
cn60,cn60_0158,1,83.722,21.724,2720000,18608.1,2442.002,997.041,56.06
cn60,cn60_0159,1,86.169,21.724,2720000,18608.1,2442.002,997.451,56.19
cn60,cn60_0160,1,93.538,21.724,2720000,18608.1,2442.002,997.873,56.55
cn60,cn60_0161,1,78.702,21.724,2720000,18608.1,2442.002,998.307,55.79
cn60,cn60_0162,1,74.403,21.724,2720000,18608.1,2442.002,998.742,55.54
cn60,cn60_0163,1,75.16,21.724,2720000,18608.1,2442.002,999.151,55.59
cn60,cn60_0164,1,60.384,21.724,2720000,18608.1,2442.002,999.586,54.62
cn60,cn60_0165,1,89.444,21.724,2720000,18608.1,2442.002,1000.021,56.35
cn60,cn60_0166,1,69.651,21.724,2720000,18608.1,2442.002,1000.417,55.25
cn60,cn60_0167,1,53.072,21.724,2720000,18608.1,2442.002,1004.011,54.05
cn60,cn60_0168,1,77.488,21.724,2720000,18608.1,2442.002,1002.144,55.72
cn60,cn60_0169,1,66.699,21.724,2720000,18608.1,2442.002,1001.696,55.06
cn60,cn60_0170,1,64.807,21.724,2720000,18608.1,2442.002,1002.144,54.94
cn60,cn60_0171,1,74.067,21.724,2720000,18608.1,2442.002,1002.578,55.53
cn60,cn60_0172,1,71.029,21.724,2720000,18608.1,2442.002,1002.949,55.34
cn60,cn60_0173,1,82.295,21.724,2720000,18608.1,2442.002,1003.397,55.99
cn60,cn60_0174,1,85.833,21.724,2720000,18608.1,2442.002,1003.729,56.17
cn60,cn60_0175,1,84.156,21.724,2720000,18608.1,2442.002,1004.126,56.09
cn60,cn60_0176,1,68.755,21.724,2720000,18608.1,2442.002,1004.586,55.2
cn60,cn60_0177,1,64.138,21.724,2720000,18608.1,2442.002,1004.957,54.89
cn60,cn60_0178,1,74.325,21.724,2720000,18608.1,2442.002,1005.379,55.54
cn60,cn60_0179,1,90.657,21.724,2720000,18608.1,2442.002,1005.801,56.41
cn60,cn60_0180,1,84.45,21.724,2720000,18608.1,2442.002,1006.274,56.1
cn60,cn60_0181,1,73.0,21.724,2720000,18608.1,2442.002,1006.696,55.46
cn60,cn60_0182,1,73.151,21.724,2720000,18608.1,2442.002,1007.092,55.47
cn60,cn60_0183,1,83.491,21.724,2720000,18608.1,2442.002,1007.514,56.05
cn60,cn60_0184,1,73.741,21.724,2720000,18608.1,2442.002,1007.924,55.51
cn60,cn60_0185,1,74.868,21.724,2720000,18608.1,2442.002,1008.397,55.57
cn60,cn60_0186,1,86.596,21.724,2720000,18608.1,2442.002,1011.99,56.21
cn60,cn60_0187,1,62.085,21.724,2720000,21050.1,2442.002,1010.059,54.75
cn60,cn60_0188,1,75.055,21.724,2720000,18608.1,2442.002,1009.65,55.58
cn60,cn60_0189,1,73.256,21.724,2720000,18608.1,2442.002,1010.085,55.48
cn60,cn60_0190,1,70.71,21.724,2720000,18608.1,2442.002,1010.507,55.32
cn60,cn60_0191,1,90.578,21.724,2720000,18608.1,2442.002,1010.929,56.41
cn60,cn60_0192,1,77.591,21.724,2720000,18608.1,2442.002,1011.338,55.73
cn60,cn60_0193,1,71.975,21.724,2720000,18608.1,2442.002,1011.67,55.4
cn60,cn60_0194,1,77.749,21.724,2720000,18608.1,2442.002,1012.041,55.74
cn60,cn60_0195,1,63.537,21.724,2720000,18608.1,2442.002,1012.476,54.85
cn60,cn60_0196,1,85.868,21.724,2720000,18608.1,2442.002,1012.923,56.18
cn60,cn60_0197,1,90.849,21.724,2720000,18608.1,2442.002,1013.397,56.42
cn60,cn60_0198,1,64.027,21.724,2720000,18608.1,2442.002,1013.767,54.88
cn60,cn60_0199,1,71.281,21.724,2720000,18608.1,2442.002,1014.215,55.36
b4,b4_0000,1,72.109,21.724,2720000,18608.1,2442.002,54.782,55.41
b4,b4_0001,1,62.784,21.724,2720000,18608.1,2442.002,43.439,54.8
b4,b4_0002,1,64.612,21.724,2720000,18608.1,2442.002,43.043,54.92
b4,b4_0003,1,88.503,21.724,2720000,18608.1,2442.002,43.452,56.31
b4,b4_0004,1,64.252,21.724,2720000,18608.1,2442.002,43.708,54.9
b4,b4_0005,1,82.936,21.724,2720000,18608.1,2442.002,44.206,56.02
b4,b4_0006,1,77.372,21.724,2720000,18608.1,2442.002,44.603,55.72
b4,b4_0007,1,75.009,21.724,2720000,18608.1,2442.002,45.038,55.58
b4,b4_0008,1,79.708,21.724,2720000,18608.1,2442.002,45.447,55.85
b4,b4_0009,1,77.824,21.724,2720000,18608.1,2442.002,45.843,55.74
b4,b4_0010,1,66.604,21.724,2720000,18608.1,2442.002,46.291,55.06
b4,b4_0011,1,92.64,21.724,2720000,18608.1,2442.002,46.713,56.51
b4,b4_0012,1,91.499,21.724,2720000,18608.1,2442.002,47.135,56.45
b4,b4_0013,1,70.543,21.724,2720000,18608.1,2442.002,47.582,55.31
b4,b4_0014,1,67.248,21.724,2720000,18608.1,2442.002,47.991,55.1
b4,b4_0015,1,79.969,21.724,2720000,18608.1,2442.002,48.401,55.86
b4,b4_0016,1,87.054,21.724,2720000,18608.1,2442.002,59.168,56.24
b4,b4_0017,1,54.192,21.724,2720000,21050.1,2442.002,53.234,54.15
b4,b4_0018,1,80.013,21.724,2720000,18608.1,2442.002,49.679,55.86
b4,b4_0019,1,71.891,21.724,2720000,18608.1,2442.002,50.127,55.39
noise,noise_0000,0,12.979,21.724,2720000,-10696.0,2442.002,242.387,47.67
noise,noise_0001,0,12.539,21.724,2720000,18608.1,2442.002,829.231,47.51
noise,noise_0002,0,13.023,21.724,2720000,1514.0,2442.002,151.314,47.69
noise,noise_0003,0,12.083,21.724,2720000,-30232.0,2442.002,168.245,47.33
noise,noise_0004,0,12.685,21.724,2720000,6398.0,2442.002,81.853,47.56
noise,noise_0005,0,10.79,21.724,2720000,6398.0,2442.002,96.06,46.8
noise,noise_0006,0,13.142,21.724,2720000,-10696.0,2442.002,152.146,47.73
noise,noise_0007,0,11.666,21.724,2720000,35702.1,2442.002,817.569,47.17
noise,noise_0008,0,12.131,21.724,2720000,3956.0,2442.002,147.913,47.35
noise,noise_0009,0,10.97,21.724,2720000,21050.1,2442.002,579.926,46.87
noise,noise_0010,0,13.269,21.724,2720000,-40000.0,2442.002,140.471,47.78
noise,noise_0011,0,11.548,21.724,2720000,3956.0,2442.002,193.884,47.12
noise,noise_0012,0,14.653,21.724,2720000,35702.1,2442.002,782.902,48.24
noise,noise_0013,0,11.842,21.724,2720000,35702.1,2442.002,844.832,47.24
noise,noise_0014,0,12.91,21.724,2720000,40586.1,2442.002,851.622,47.65
noise,noise_0015,0,12.731,21.724,2720000,3956.0,2442.002,43.784,47.58
noise,noise_0016,0,11.768,21.724,2720000,18608.1,2442.002,489.02,47.21
noise,noise_0017,0,13.919,21.724,2720000,1514.0,2442.002,242.515,48.0
noise,noise_0018,0,13.755,21.724,2720000,-13138.0,2442.002,204.996,47.94
noise,noise_0019,0,13.439,21.724,2720000,-15580.0,2442.002,932.26,47.84
noise,noise_0020,0,11.864,21.724,2720000,-25348.0,2442.002,558.328,47.25
noise,noise_0021,0,12.224,21.724,2720000,3956.0,2442.002,27.352,47.39
noise,noise_0022,0,11.145,21.724,2720000,35702.1,2442.002,103.259,46.95
noise,noise_0023,0,14.091,21.724,2720000,3956.0,2442.002,163.053,48.06
noise,noise_0024,0,12.776,21.724,2720000,6398.0,2442.002,502.945,47.6
noise,noise_0025,0,12.11,21.724,2720000,-5812.0,2442.002,84.653,47.34
noise,noise_0026,0,14.468,21.724,2720000,-8254.0,2442.002,191.237,48.18
noise,noise_0027,0,11.935,21.724,2720000,23492.1,2442.002,497.383,47.28
noise,noise_0028,0,11.926,21.724,2720000,-928.0,2442.002,323.639,47.27
noise,noise_0029,0,12.724,21.724,2720000,1514.0,2442.002,355.198,47.58
noise,noise_0030,0,11.174,21.724,2720000,21050.1,2442.002,535.003,46.96
noise,noise_0031,0,13.156,21.724,2720000,-5812.0,2442.002,294.445,47.74
noise,noise_0032,0,13.843,21.724,2720000,1514.0,2442.002,239.472,47.97
noise,noise_0033,0,11.468,21.724,2720000,1514.0,2442.002,344.06,47.09
noise,noise_0034,0,11.245,21.724,2720000,21050.1,2442.002,546.857,46.99
noise,noise_0035,0,12.615,21.724,2720000,33260.1,2442.002,698.044,47.54
noise,noise_0036,0,11.527,21.724,2720000,-13138.0,2442.002,146.136,47.11
noise,noise_0037,0,12.789,21.724,2720000,-27790.0,2442.002,316.35,47.6
noise,noise_0038,0,12.055,21.724,2720000,25934.1,2442.002,603.11,47.32
noise,noise_0039,0,13.233,21.724,2720000,-27790.0,2442.002,103.323,47.76
noise,noise_0040,0,12.759,21.724,2720000,-10696.0,2442.002,201.761,47.59
noise,noise_0041,0,12.175,21.724,2720000,-13138.0,2442.002,208.18,47.37
noise,noise_0042,0,14.503,21.724,2720000,-13138.0,2442.002,211.403,48.19
noise,noise_0043,0,14.899,21.724,2720000,-10696.0,2442.002,191.697,48.32
noise,noise_0044,0,12.79,21.724,2720000,-32674.0,2442.002,220.661,47.6
noise,noise_0045,0,11.794,21.724,2720000,33260.1,2442.002,717.673,47.22
noise,noise_0046,0,14.89,21.724,2720000,-27790.0,2442.002,308.281,48.31
noise,noise_0047,0,12.799,21.724,2720000,38144.1,2442.002,815.357,47.61
noise,noise_0048,0,12.56,21.724,2720000,-10696.0,2442.002,276.389,47.52
noise,noise_0049,0,11.245,21.724,2720000,-8254.0,2442.002,283.333,46.99
noise,noise_0050,0,13.306,21.724,2720000,-8254.0,2442.002,173.079,47.79
noise,noise_0051,0,11.713,21.724,2720000,-27790.0,2442.002,317.04,47.19
noise,noise_0052,0,11.629,21.724,2720000,-10696.0,2442.002,237.298,47.15
noise,noise_0053,0,12.798,21.724,2720000,6398.0,2442.002,1001.338,47.61
noise,noise_0054,0,12.787,21.724,2720000,-18022.0,2442.002,534.262,47.6
noise,noise_0055,0,16.89,21.724,2720000,-10696.0,2442.002,177.606,48.9
noise,noise_0056,0,11.816,21.724,2720000,-10696.0,2442.002,181.02,47.23
noise,noise_0057,0,12.838,21.724,2720000,-10696.0,2442.002,171.634,47.62
noise,noise_0058,0,12.349,21.724,2720000,3956.0,2442.002,327.795,47.44
noise,noise_0059,0,14.233,21.724,2720000,-8254.0,2442.002,241.684,48.1
noise,noise_0060,0,11.991,21.724,2720000,1514.0,2442.002,176.71,47.3
noise,noise_0061,0,12.224,21.724,2720000,3956.0,2442.002,167.657,47.39
noise,noise_0062,0,12.956,21.724,2720000,-10696.0,2442.002,170.688,47.66
noise,noise_0063,0,11.807,21.724,2720000,6398.0,2442.002,24.335,47.22
noise,noise_0064,0,11.735,21.724,2720000,3956.0,2442.002,77.134,47.2
noise,noise_0065,0,14.398,21.724,2720000,3956.0,2442.002,174.946,48.16
noise,noise_0066,0,13.159,21.724,2720000,-22906.0,2442.002,271.811,47.74
noise,noise_0067,0,11.897,21.724,2720000,-13138.0,2442.002,214.498,47.26
noise,noise_0068,0,10.982,21.724,2720000,3956.0,2442.002,732.263,46.88
noise,noise_0069,0,13.416,21.724,2720000,35702.1,2442.002,744.475,47.83
noise,noise_0070,0,11.044,21.724,2720000,3956.0,2442.002,32.084,46.91
noise,noise_0071,0,12.09,21.724,2720000,3956.0,2442.002,166.046,47.34
noise,noise_0072,0,11.442,21.724,2720000,1514.0,2442.002,523.226,47.08
noise,noise_0073,0,14.37,21.724,2720000,-3370.0,2442.002,127.53,48.15
noise,noise_0074,0,15.111,21.724,2720000,-10696.0,2442.002,200.559,48.38
noise,noise_0075,0,12.421,21.724,2720000,1514.0,2442.002,245.98,47.46
noise,noise_0076,0,10.664,21.724,2720000,-13138.0,2442.002,227.809,46.74
noise,noise_0077,0,19.952,21.724,2720000,3956.0,2442.002,24.296,49.66
noise,noise_0078,0,11.848,21.724,2720000,6398.0,2442.002,15.23,47.24
noise,noise_0079,0,13.721,21.724,2720000,1514.0,2442.002,322.028,47.93
noise,noise_0080,0,10.822,21.724,2720000,-40000.0,2442.002,916.57,46.81
noise,noise_0081,0,14.939,21.724,2720000,3956.0,2442.002,166.097,48.33
noise,noise_0082,0,13.136,21.724,2720000,-10696.0,2442.002,189.204,47.73
noise,noise_0083,0,11.191,21.724,2720000,1514.0,2442.002,269.522,46.97
noise,noise_0084,0,13.401,21.724,2720000,1514.0,2442.002,180.342,47.82
noise,noise_0085,0,13.857,21.724,2720000,28376.1,2442.002,625.334,47.98
noise,noise_0086,0,11.731,21.724,2720000,-8254.0,2442.002,283.985,47.19
noise,noise_0087,0,11.775,21.724,2720000,21050.1,2442.002,537.356,47.21
noise,noise_0088,0,11.915,21.724,2720000,1514.0,2442.002,326.247,47.27
noise,noise_0089,0,11.926,21.724,2720000,21050.1,2442.002,955.392,47.27
noise,noise_0090,0,11.573,21.724,2720000,3956.0,2442.002,66.725,47.13
noise,noise_0091,0,11.619,21.724,2720000,-10696.0,2442.002,166.097,47.15
noise,noise_0092,0,13.0,21.724,2720000,3956.0,2442.002,138.936,47.68
noise,noise_0093,0,13.237,21.724,2720000,35702.1,2442.002,787.902,47.76
noise,noise_0094,0,14.077,21.724,2720000,-10696.0,2442.002,237.988,48.05
noise,noise_0095,0,14.244,21.724,2720000,35702.1,2442.002,797.224,48.11
noise,noise_0096,0,11.49,21.724,2720000,-13138.0,2442.002,152.248,47.1
noise,noise_0097,0,17.052,21.724,2720000,3956.0,2442.002,170.253,48.94
noise,noise_0098,0,13.548,21.724,2720000,-10696.0,2442.002,257.694,47.87
noise,noise_0099,0,14.037,21.724,2720000,6398.0,2442.002,1018.742,48.04
noise,noise_0100,0,12.215,21.724,2720000,-27790.0,2442.002,315.148,47.39
noise,noise_0101,0,13.505,21.724,2720000,21050.1,2442.002,587.522,47.86
noise,noise_0102,0,10.555,21.724,2720000,35702.1,2442.002,829.09,46.69
noise,noise_0103,0,11.614,21.724,2720000,40586.1,2442.002,891.647,47.15
noise,noise_0104,0,11.847,21.724,2720000,-8254.0,2442.002,226.249,47.24
noise,noise_0105,0,14.953,21.724,2720000,35702.1,2442.002,110.433,48.33
noise,noise_0106,0,13.554,21.724,2720000,3956.0,2442.002,74.743,47.88
noise,noise_0107,0,11.794,21.724,2720000,3956.0,2442.002,146.954,47.22
noise,noise_0108,0,14.291,21.724,2720000,-32674.0,2442.002,279.189,48.12
noise,noise_0109,0,11.538,21.724,2720000,-10696.0,2442.002,235.188,47.12
noise,noise_0110,0,13.23,21.724,2720000,-13138.0,2442.002,130.279,47.76
noise,noise_0111,0,13.052,21.724,2720000,-27790.0,2442.002,89.257,47.7
noise,noise_0112,0,13.048,21.724,2720000,35702.1,2442.002,119.601,47.7
noise,noise_0113,0,13.912,21.724,2720000,8840.0,2442.002,598.928,48.0
noise,noise_0114,0,14.557,21.724,2720000,-8254.0,2442.002,287.949,48.21
noise,noise_0115,0,12.886,21.724,2720000,-37558.0,2442.002,918.462,47.64
noise,noise_0116,0,11.816,21.724,2720000,-27790.0,2442.002,307.591,47.23
noise,noise_0117,0,13.318,21.724,2720000,6398.0,2442.002,2.251,47.79
noise,noise_0118,0,12.935,21.724,2720000,-10696.0,2442.002,242.425,47.66
noise,noise_0119,0,11.294,21.724,2720000,3956.0,2442.002,142.107,47.01
noise,noise_0120,0,13.577,21.724,2720000,1514.0,2442.002,228.73,47.88
noise,noise_0121,0,12.437,21.724,2720000,-27790.0,2442.002,85.497,47.47
noise,noise_0122,0,11.647,21.724,2720000,-8254.0,2442.002,267.246,47.16
noise,noise_0123,0,12.112,21.724,2720000,3956.0,2442.002,156.429,47.35
noise,noise_0124,0,12.657,21.724,2720000,3956.0,2442.002,75.485,47.55
noise,noise_0125,0,14.414,21.724,2720000,25934.1,2442.002,594.069,48.16
noise,noise_0126,0,12.504,21.724,2720000,-27790.0,2442.002,300.596,47.5
noise,noise_0127,0,11.473,21.724,2720000,3956.0,2442.002,749.258,47.09
noise,noise_0128,0,11.907,21.724,2720000,3956.0,2442.002,250.341,47.26
noise,noise_0129,0,12.177,21.724,2720000,-10696.0,2442.002,221.94,47.37
noise,noise_0130,0,15.302,21.724,2720000,-8254.0,2442.002,134.601,48.44
noise,noise_0131,0,12.708,21.724,2720000,3956.0,2442.002,82.147,47.57
noise,noise_0132,0,13.34,21.724,2720000,-27790.0,2442.002,314.675,47.8
noise,noise_0133,0,12.945,21.724,2720000,-5812.0,2442.002,82.415,47.66
noise,noise_0134,0,12.583,21.724,2720000,6398.0,2442.002,359.444,47.53
noise,noise_0135,0,11.47,21.724,2720000,3956.0,2442.002,711.202,47.09
noise,noise_0136,0,11.917,21.724,2720000,-8254.0,2442.002,948.398,47.27
noise,noise_0137,0,11.721,21.724,2720000,-10696.0,2442.002,177.593,47.19
noise,noise_0138,0,10.605,21.724,2720000,-25348.0,2442.002,178.833,46.71
noise,noise_0139,0,12.437,21.724,2720000,-13138.0,2442.002,250.661,47.47
noise,noise_0140,0,15.128,21.724,2720000,-8254.0,2442.002,243.014,48.39
noise,noise_0141,0,13.611,21.724,2720000,40586.1,2442.002,599.657,47.9
noise,noise_0142,0,11.969,21.724,2720000,-35116.0,2442.002,296.478,47.29
noise,noise_0143,0,13.304,21.724,2720000,-22906.0,2442.002,277.642,47.79
noise,noise_0144,0,12.964,21.724,2720000,-13138.0,2442.002,130.522,47.67
noise,noise_0145,0,12.402,21.724,2720000,1514.0,2442.002,272.936,47.46
noise,noise_0146,0,14.904,21.724,2720000,-10696.0,2442.002,182.657,48.32
noise,noise_0147,0,11.504,21.724,2720000,-30232.0,2442.002,50.344,47.1
noise,noise_0148,0,14.617,21.724,2720000,-8254.0,2442.002,171.352,48.23
noise,noise_0149,0,12.96,21.724,2720000,-22906.0,2442.002,241.134,47.67
noise,noise_0150,0,16.26,21.724,2720000,6398.0,2442.002,1010.264,48.72
noise,noise_0151,0,12.482,21.724,2720000,-8254.0,2442.002,189.306,47.49
noise,noise_0152,0,12.65,21.724,2720000,40586.1,2442.002,1009.266,47.55
noise,noise_0153,0,12.739,21.724,2720000,-8254.0,2442.002,272.911,47.58
noise,noise_0154,0,12.578,21.724,2720000,3956.0,2442.002,214.472,47.52
noise,noise_0155,0,13.287,21.724,2720000,-37558.0,2442.002,924.319,47.78
noise,noise_0156,0,10.774,21.724,2720000,-40000.0,2442.002,878.22,46.79
noise,noise_0157,0,12.61,21.724,2720000,30818.1,2442.002,570.821,47.54
noise,noise_0158,0,13.027,21.724,2720000,-8254.0,2442.002,977.17,47.69
noise,noise_0159,0,13.931,21.724,2720000,-10696.0,2442.002,206.135,48.0
noise,noise_0160,0,11.283,21.724,2720000,-10696.0,2442.002,188.692,47.01
noise,noise_0161,0,11.895,21.724,2720000,-13138.0,2442.002,218.717,47.26
noise,noise_0162,0,12.443,21.724,2720000,-8254.0,2442.002,178.143,47.47
noise,noise_0163,0,12.666,21.724,2720000,3956.0,2442.002,269.509,47.56
noise,noise_0164,0,10.504,21.724,2720000,-25348.0,2442.002,220.06,46.67
noise,noise_0165,0,13.012,21.724,2720000,-18022.0,2442.002,83.515,47.68
noise,noise_0166,0,13.574,21.724,2720000,21050.1,2442.002,559.312,47.88
noise,noise_0167,0,11.665,21.724,2720000,-8254.0,2442.002,192.247,47.17
noise,noise_0168,0,14.676,21.724,2720000,35702.1,2442.002,731.688,48.25
noise,noise_0169,0,11.809,21.724,2720000,35702.1,2442.002,774.91,47.23
noise,noise_0170,0,12.962,21.724,2720000,-27790.0,2442.002,95.254,47.67
noise,noise_0171,0,13.918,21.724,2720000,21050.1,2442.002,498.15,48.0
noise,noise_0172,0,11.171,21.724,2720000,6398.0,2442.002,1020.775,46.96
noise,noise_0173,0,11.934,21.724,2720000,35702.1,2442.002,144.153,47.28
noise,noise_0174,0,14.278,21.724,2720000,-10696.0,2442.002,217.797,48.12
noise,noise_0175,0,12.241,21.724,2720000,-10696.0,2442.002,195.879,47.4
noise,noise_0176,0,13.99,21.724,2720000,21050.1,2442.002,609.145,48.02
noise,noise_0177,0,11.729,21.724,2720000,28376.1,2442.002,567.65,47.19
noise,noise_0178,0,14.672,21.724,2720000,3956.0,2442.002,34.309,48.25
noise,noise_0179,0,11.755,21.724,2720000,1514.0,2442.002,327.104,47.2
noise,noise_0180,0,13.402,21.724,2720000,-10696.0,2442.002,257.438,47.82
noise,noise_0181,0,14.978,21.724,2720000,1514.0,2442.002,170.329,48.34
noise,noise_0182,0,16.25,21.724,2720000,8840.0,2442.002,2.481,48.72
noise,noise_0183,0,11.93,21.724,2720000,40586.1,2442.002,995.558,47.27
noise,noise_0184,0,13.057,21.724,2720000,1514.0,2442.002,321.209,47.7
noise,noise_0185,0,13.286,21.724,2720000,8840.0,2442.002,584.977,47.78
noise,noise_0186,0,12.541,21.724,2720000,30818.1,2442.002,53.401,47.51
noise,noise_0187,0,12.231,21.724,2720000,-8254.0,2442.002,263.205,47.39
noise,noise_0188,0,14.246,21.724,2720000,3956.0,2442.002,92.85,48.11
noise,noise_0189,0,13.369,21.724,2720000,-8254.0,2442.002,227.259,47.81
noise,noise_0190,0,14.557,21.724,2720000,-13138.0,2442.002,137.734,48.21
noise,noise_0191,0,16.698,21.724,2720000,-8254.0,2442.002,107.901,48.85
noise,noise_0192,0,12.836,21.724,2720000,3956.0,2442.002,30.575,47.62
noise,noise_0193,0,12.152,21.724,2720000,38144.1,2442.002,861.865,47.36
noise,noise_0194,0,12.311,21.724,2720000,16166.1,2442.002,899.575,47.42
noise,noise_0195,0,14.729,21.724,2720000,35702.1,2442.002,885.598,48.26
noise,noise_0196,0,12.635,21.724,2720000,6398.0,2442.002,73.439,47.55
noise,noise_0197,0,13.516,21.724,2720000,6398.0,2442.002,0.895,47.86
noise,noise_0198,0,14.058,21.724,2720000,3956.0,2442.002,45.383,48.05
noise,noise_0199,0,14.042,21.724,2720000,-30232.0,2442.002,300.493,48.04
b5,b5_0000,1,70.018,21.724,2720000,18608.1,2442.002,204.92,55.28
b5,b5_0001,1,73.948,21.724,2720000,18608.1,2442.002,202.874,55.52
b5,b5_0002,1,69.651,21.724,2720000,18608.1,2442.002,197.554,55.25
b5,b5_0003,1,69.195,21.724,2720000,18608.1,2442.002,194.856,55.23
b5,b5_0004,1,72.013,21.724,2720000,18608.1,2442.002,195.265,55.4
b5,b5_0005,1,75.396,21.724,2720000,18608.1,2442.002,195.674,55.6
b5,b5_0006,1,76.788,21.724,2720000,18608.1,2442.002,196.122,55.68
b5,b5_0007,1,74.181,21.724,2720000,18608.1,2442.002,196.531,55.53
b5,b5_0008,1,95.777,21.724,2720000,18608.1,2442.002,196.953,56.65
b5,b5_0009,1,61.861,21.724,2720000,18608.1,2442.002,197.337,54.73
b5,b5_0010,1,71.73,21.724,2720000,18608.1,2442.002,197.784,55.38
b5,b5_0011,1,81.003,21.724,2720000,18608.1,2442.002,198.168,55.92
b5,b5_0012,1,61.146,21.724,2720000,18608.1,2442.002,198.615,54.68
b5,b5_0013,1,69.6,21.724,2720000,18608.1,2442.002,199.025,55.25
b5,b5_0014,1,70.517,21.724,2720000,18608.1,2442.002,199.459,55.31
b5,b5_0015,1,84.996,21.724,2720000,18608.1,2442.002,199.869,56.13
b5,b5_0016,1,57.539,21.724,2720000,18608.1,2442.002,200.342,54.41
b5,b5_0017,1,72.331,21.724,2720000,18608.1,2442.002,200.585,55.42
b5,b5_0018,1,77.063,21.724,2720000,18608.1,2442.002,200.994,55.7
b5,b5_0019,1,75.934,21.724,2720000,18608.1,2442.002,201.429,55.63
off,off_0000,0,8.689,21.724,2720000,-10696.0,2442.002,199.025,45.75
off,off_0001,0,8.375,21.724,2720000,-10696.0,2442.002,180.444,45.57
off,off_0002,0,9.943,21.724,2720000,-8254.0,2442.002,171.544,46.4
off,off_0003,0,8.324,21.724,2720000,-10696.0,2442.002,183.194,45.54
off,off_0004,0,8.601,21.724,2720000,-10696.0,2442.002,179.23,45.7
off,off_0005,0,8.329,21.724,2720000,-8254.0,2442.002,173.13,45.54
off,off_0006,0,9.264,21.724,2720000,-10696.0,2442.002,218.155,46.06
off,off_0007,0,9.407,21.724,2720000,-10696.0,2442.002,177.286,46.13
off,off_0008,0,10.3,21.724,2720000,-10696.0,2442.002,178.961,46.57
off,off_0009,0,8.744,21.724,2720000,-10696.0,2442.002,182.618,45.78
off,off_0010,0,8.553,21.724,2720000,-10696.0,2442.002,255.315,45.67
off,off_0011,0,8.356,21.724,2720000,-8254.0,2442.002,172.465,45.55
off,off_0012,0,9.525,21.724,2720000,-8254.0,2442.002,171.966,46.19
off,off_0013,0,9.715,21.724,2720000,-10696.0,2442.002,178.117,46.29
off,off_0014,0,8.963,21.724,2720000,-8254.0,2442.002,173.066,45.9
off,off_0015,0,9.136,21.724,2720000,-8254.0,2442.002,244.778,45.99
off,off_0016,0,7.857,21.724,2720000,-8254.0,2442.002,169.409,45.25
off,off_0017,0,8.565,21.724,2720000,-10696.0,2442.002,179.051,45.68
off,off_0018,0,9.668,21.724,2720000,3956.0,2442.002,84.704,46.27
off,off_0019,0,8.397,21.724,2720000,3956.0,2442.002,163.91,45.58
off,off_0020,0,10.626,21.724,2720000,-10696.0,2442.002,179.971,46.72
off,off_0021,0,8.446,21.724,2720000,-10696.0,2442.002,178.283,45.61
off,off_0022,0,9.124,21.724,2720000,-10696.0,2442.002,258.205,45.99
off,off_0023,0,9.619,21.724,2720000,-8254.0,2442.002,175.035,46.24
off,off_0024,0,10.059,21.724,2720000,-10696.0,2442.002,235.405,46.46
off,off_0025,0,8.846,21.724,2720000,-8254.0,2442.002,173.539,45.83
off,off_0026,0,8.41,21.724,2720000,-10696.0,2442.002,251.594,45.59
off,off_0027,0,8.978,21.724,2720000,-10696.0,2442.002,254.727,45.91
off,off_0028,0,8.693,21.724,2720000,-8254.0,2442.002,171.877,45.75
off,off_0029,0,8.547,21.724,2720000,-10696.0,2442.002,182.516,45.67
off,off_0030,0,8.907,21.724,2720000,-10696.0,2442.002,257.553,45.87
off,off_0031,0,8.547,21.724,2720000,-10696.0,2442.002,251.466,45.67
off,off_0032,0,10.547,21.724,2720000,-10696.0,2442.002,179.434,46.69
off,off_0033,0,8.833,21.724,2720000,-10696.0,2442.002,256.939,45.83
off,off_0034,0,9.029,21.724,2720000,-8254.0,2442.002,170.994,45.93
off,off_0035,0,8.965,21.724,2720000,-10696.0,2442.002,257.54,45.9
off,off_0036,0,9.202,21.724,2720000,-10696.0,2442.002,256.645,46.03
off,off_0037,0,9.345,21.724,2720000,-10696.0,2442.002,174.063,46.1
off,off_0038,0,9.173,21.724,2720000,-10696.0,2442.002,179.882,46.01
off,off_0039,0,8.576,21.724,2720000,-8254.0,2442.002,170.969,45.68
off,off_0040,0,8.372,21.724,2720000,-10696.0,2442.002,234.459,45.56
off,off_0041,0,8.82,21.724,2720000,-10696.0,2442.002,178.731,45.82
off,off_0042,0,8.407,21.724,2720000,-8254.0,2442.002,172.516,45.58
off,off_0043,0,9.378,21.724,2720000,-10696.0,2442.002,255.609,46.12
off,off_0044,0,8.529,21.724,2720000,3956.0,2442.002,71.827,45.66
off,off_0045,0,9.087,21.724,2720000,-10696.0,2442.002,178.846,45.97
off,off_0046,0,8.787,21.724,2720000,-27790.0,2442.002,304.24,45.8
off,off_0047,0,8.582,21.724,2720000,-10696.0,2442.002,234.51,45.69
off,off_0048,0,8.951,21.724,2720000,-27790.0,2442.002,306.401,45.89
off,off_0049,0,9.306,21.724,2720000,-10696.0,2442.002,219.037,46.08
off,off_0050,0,9.641,21.724,2720000,-10696.0,2442.002,179.268,46.25
off,off_0051,0,9.083,21.724,2720000,-8254.0,2442.002,177.478,45.96
off,off_0052,0,8.219,21.724,2720000,-8254.0,2442.002,172.209,45.47
off,off_0053,0,8.978,21.724,2720000,-10696.0,2442.002,199.677,45.91
off,off_0054,0,8.695,21.724,2720000,-10696.0,2442.002,199.677,45.75
off,off_0055,0,9.335,21.724,2720000,-10696.0,2442.002,184.498,46.1
off,off_0056,0,8.469,21.724,2720000,-10696.0,2442.002,179.677,45.62
off,off_0057,0,10.699,21.724,2720000,-27790.0,2442.002,305.545,46.75
off,off_0058,0,9.295,21.724,2720000,-10696.0,2442.002,179.012,46.08
off,off_0059,0,8.493,21.724,2720000,-10696.0,2442.002,257.31,45.63
off,off_0060,0,9.683,21.724,2720000,3956.0,2442.002,76.495,46.27
off,off_0061,0,9.469,21.724,2720000,3956.0,2442.002,60.536,46.17
off,off_0062,0,9.513,21.724,2720000,-10696.0,2442.002,182.478,46.19
off,off_0063,0,9.638,21.724,2720000,-8254.0,2442.002,171.698,46.25
off,off_0064,0,8.854,21.724,2720000,3956.0,2442.002,161.787,45.84
off,off_0065,0,8.994,21.724,2720000,-10696.0,2442.002,183.974,45.92
off,off_0066,0,8.528,21.724,2720000,-10696.0,2442.002,179.716,45.65
off,off_0067,0,9.015,21.724,2720000,-10696.0,2442.002,220.878,45.93
off,off_0068,0,10.264,21.724,2720000,-8254.0,2442.002,172.299,46.56
off,off_0069,0,8.944,21.724,2720000,-10696.0,2442.002,178.411,45.89
off,off_0070,0,8.342,21.724,2720000,-10696.0,2442.002,218.845,45.55
off,off_0071,0,8.553,21.724,2720000,-8254.0,2442.002,172.542,45.67
off,off_0072,0,9.897,21.724,2720000,-8254.0,2442.002,171.122,46.38
off,off_0073,0,8.102,21.724,2720000,3956.0,2442.002,162.619,45.4
off,off_0074,0,8.085,21.724,2720000,-10696.0,2442.002,218.641,45.39
off,off_0075,0,9.095,21.724,2720000,-10696.0,2442.002,182.286,45.97
off,off_0076,0,10.028,21.724,2720000,-8254.0,2442.002,174.588,46.44
off,off_0077,0,9.612,21.724,2720000,-10696.0,2442.002,179.294,46.24
off,off_0078,0,8.143,21.724,2720000,-10696.0,2442.002,228.423,45.43
off,off_0079,0,9.091,21.724,2720000,-8254.0,2442.002,173.616,45.97
off,off_0080,0,9.131,21.724,2720000,-8254.0,2442.002,172.35,45.99
off,off_0081,0,9.343,21.724,2720000,-10696.0,2442.002,199.907,46.1
off,off_0082,0,8.887,21.724,2720000,-10696.0,2442.002,251.3,45.86
off,off_0083,0,8.401,21.724,2720000,-10696.0,2442.002,200.112,45.58
off,off_0084,0,8.572,21.724,2720000,-10696.0,2442.002,182.554,45.68
off,off_0085,0,8.396,21.724,2720000,-10696.0,2442.002,182.426,45.58
off,off_0086,0,8.321,21.724,2720000,-10696.0,2442.002,180.035,45.53
off,off_0087,0,9.357,21.724,2720000,-10696.0,2442.002,256.683,46.11
off,off_0088,0,8.851,21.724,2720000,-10696.0,2442.002,179.549,45.84
off,off_0089,0,8.728,21.724,2720000,-8254.0,2442.002,173.437,45.77
off,off_0090,0,9.657,21.724,2720000,-10696.0,2442.002,259.024,46.26
off,off_0091,0,8.682,21.724,2720000,-10696.0,2442.002,228.027,45.74
off,off_0092,0,9.257,21.724,2720000,-10696.0,2442.002,223.551,46.06
off,off_0093,0,9.349,21.724,2720000,-10696.0,2442.002,178.884,46.1
off,off_0094,0,8.462,21.724,2720000,-10696.0,2442.002,259.382,45.62
off,off_0095,0,9.192,21.724,2720000,-10696.0,2442.002,178.015,46.02
off,off_0096,0,8.947,21.724,2720000,-10696.0,2442.002,188.603,45.89
off,off_0097,0,8.215,21.724,2720000,-10696.0,2442.002,234.101,45.47
off,off_0098,0,9.02,21.724,2720000,-10696.0,2442.002,222.387,45.93
off,off_0099,0,8.543,21.724,2720000,-10696.0,2442.002,182.912,45.66
off,off_0100,0,9.018,21.724,2720000,-8254.0,2442.002,172.375,45.93
off,off_0101,0,8.711,21.724,2720000,-8254.0,2442.002,171.941,45.76
off,off_0102,0,8.247,21.724,2720000,-8254.0,2442.002,172.874,45.49
off,off_0103,0,9.172,21.724,2720000,-27790.0,2442.002,304.279,46.01
off,off_0104,0,8.836,21.724,2720000,-10696.0,2442.002,179.792,45.83
off,off_0105,0,8.41,21.724,2720000,-10696.0,2442.002,178.258,45.59
off,off_0106,0,8.401,21.724,2720000,-10696.0,2442.002,255.827,45.58
off,off_0107,0,8.715,21.724,2720000,-10696.0,2442.002,252.182,45.76
off,off_0108,0,8.482,21.724,2720000,-10696.0,2442.002,193.552,45.63
off,off_0109,0,8.225,21.724,2720000,-27790.0,2442.002,304.458,45.48
off,off_0110,0,8.246,21.724,2720000,-10696.0,2442.002,222.298,45.49
off,off_0111,0,8.474,21.724,2720000,-10696.0,2442.002,180.304,45.62
off,off_0112,0,8.533,21.724,2720000,-10696.0,2442.002,229.983,45.66
off,off_0113,0,8.178,21.724,2720000,3956.0,2442.002,83.042,45.45
off,off_0114,0,8.537,21.724,2720000,3956.0,2442.002,78.809,45.66
off,off_0115,0,8.823,21.724,2720000,-8254.0,2442.002,172.861,45.82
off,off_0116,0,8.512,21.724,2720000,3956.0,2442.002,83.669,45.65
off,off_0117,0,8.268,21.724,2720000,-8254.0,2442.002,244.216,45.5
off,off_0118,0,8.49,21.724,2720000,-10696.0,2442.002,200.112,45.63
off,off_0119,0,9.573,21.724,2720000,-8254.0,2442.002,172.887,46.22
off,off_0120,0,8.257,21.724,2720000,3956.0,2442.002,164.217,45.5
off,off_0121,0,8.478,21.724,2720000,-10696.0,2442.002,256.274,45.63
off,off_0122,0,8.425,21.724,2720000,-10696.0,2442.002,183.347,45.59
off,off_0123,0,8.361,21.724,2720000,-10696.0,2442.002,235.507,45.56
off,off_0124,0,8.78,21.724,2720000,-27790.0,2442.002,303.857,45.8
off,off_0125,0,8.396,21.724,2720000,3956.0,2442.002,79.5,45.58
off,off_0126,0,8.215,21.724,2720000,-8254.0,2442.002,175.138,45.47
off,off_0127,0,8.697,21.724,2720000,-8254.0,2442.002,171.851,45.75
off,off_0128,0,8.912,21.724,2720000,-10696.0,2442.002,179.306,45.87
off,off_0129,0,8.624,21.724,2720000,-10696.0,2442.002,256.121,45.71
off,off_0130,0,8.711,21.724,2720000,-8254.0,2442.002,173.271,45.76
off,off_0131,0,9.048,21.724,2720000,3956.0,2442.002,77.428,45.94
off,off_0132,0,8.263,21.724,2720000,-8254.0,2442.002,171.557,45.5
off,off_0133,0,8.332,21.724,2720000,3956.0,2442.002,71.866,45.54
off,off_0134,0,8.698,21.724,2720000,-10696.0,2442.002,200.188,45.75
off,off_0135,0,8.71,21.724,2720000,3956.0,2442.002,164.69,45.76
off,off_0136,0,8.335,21.724,2720000,-10696.0,2442.002,182.516,45.54
off,off_0137,0,8.989,21.724,2720000,-10696.0,2442.002,256.21,45.91
off,off_0138,0,9.226,21.724,2720000,-8254.0,2442.002,283.729,46.04
off,off_0139,0,8.75,21.724,2720000,-8254.0,2442.002,240.507,45.78
off,off_0140,0,8.163,21.724,2720000,-10696.0,2442.002,238.423,45.44
off,off_0141,0,9.598,21.724,2720000,-10696.0,2442.002,179.115,46.23
off,off_0142,0,8.803,21.724,2720000,-8254.0,2442.002,171.621,45.81
off,off_0143,0,8.756,21.724,2720000,-10696.0,2442.002,234.855,45.78
off,off_0144,0,8.758,21.724,2720000,-10696.0,2442.002,178.616,45.79
off,off_0145,0,8.65,21.724,2720000,-8254.0,2442.002,181.442,45.72
off,off_0146,0,8.731,21.724,2720000,3956.0,2442.002,78.362,45.77
off,off_0147,0,9.346,21.724,2720000,-10696.0,2442.002,178.987,46.1
off,off_0148,0,7.93,21.724,2720000,3956.0,2442.002,60.523,45.3
off,off_0149,0,8.907,21.724,2720000,-27790.0,2442.002,304.151,45.87
off,off_0150,0,8.253,21.724,2720000,-10696.0,2442.002,235.392,45.49
off,off_0151,0,8.601,21.724,2720000,-8254.0,2442.002,176.122,45.7
off,off_0152,0,8.078,21.724,2720000,-8254.0,2442.002,178.769,45.39
off,off_0153,0,8.68,21.724,2720000,-8254.0,2442.002,175.15,45.74
off,off_0154,0,10.117,21.724,2720000,-10696.0,2442.002,256.044,46.49
off,off_0155,0,9.498,21.724,2720000,-27790.0,2442.002,304.867,46.18
off,off_0156,0,8.826,21.724,2720000,-8254.0,2442.002,240.264,45.82
off,off_0157,0,7.911,21.724,2720000,3956.0,2442.002,78.758,45.28
off,off_0158,0,8.615,21.724,2720000,-10696.0,2442.002,178.935,45.7
off,off_0159,0,8.656,21.724,2720000,-8254.0,2442.002,172.708,45.73
off,off_0160,0,10.136,21.724,2720000,-27790.0,2442.002,304.355,46.5
off,off_0161,0,8.488,21.724,2720000,-10696.0,2442.002,254.893,45.63
off,off_0162,0,8.384,21.724,2720000,-27790.0,2442.002,304.573,45.57
off,off_0163,0,8.408,21.724,2720000,-10696.0,2442.002,177.401,45.58
off,off_0164,0,9.163,21.724,2720000,-8254.0,2442.002,244.318,46.01
off,off_0165,0,8.268,21.724,2720000,-10696.0,2442.002,182.593,45.5
off,off_0166,0,9.221,21.724,2720000,-10696.0,2442.002,180.24,46.04
off,off_0167,0,8.937,21.724,2720000,-8254.0,2442.002,172.26,45.88
off,off_0168,0,8.66,21.724,2720000,-10696.0,2442.002,179.511,45.73
off,off_0169,0,8.613,21.724,2720000,3956.0,2442.002,75.229,45.7
off,off_0170,0,9.062,21.724,2720000,-8254.0,2442.002,172.043,45.95
off,off_0171,0,9.401,21.724,2720000,-10696.0,2442.002,223.615,46.13
off,off_0172,0,8.728,21.724,2720000,3956.0,2442.002,82.236,45.77
off,off_0173,0,9.294,21.724,2720000,-10696.0,2442.002,219.088,46.08
off,off_0174,0,9.182,21.724,2720000,3956.0,2442.002,60.037,46.02
off,off_0175,0,9.018,21.724,2720000,-10696.0,2442.002,255.098,45.93
off,off_0176,0,8.938,21.724,2720000,-27790.0,2442.002,304.828,45.89
off,off_0177,0,8.86,21.724,2720000,-10696.0,2442.002,256.006,45.84
off,off_0178,0,9.22,21.724,2720000,-8254.0,2442.002,171.033,46.04
off,off_0179,0,8.628,21.724,2720000,-10696.0,2442.002,223.538,45.71
off,off_0180,0,10.525,21.724,2720000,-8254.0,2442.002,172.81,46.68
off,off_0181,0,9.136,21.724,2720000,-8254.0,2442.002,241.543,45.99
off,off_0182,0,9.248,21.724,2720000,-10696.0,2442.002,180.969,46.05
off,off_0183,0,8.513,21.724,2720000,3956.0,2442.002,84.564,45.65
off,off_0184,0,8.461,21.724,2720000,-10696.0,2442.002,181.224,45.62
off,off_0185,0,9.302,21.724,2720000,3956.0,2442.002,77.633,46.08
off,off_0186,0,7.932,21.724,2720000,3956.0,2442.002,59.5,45.3
off,off_0187,0,8.7,21.724,2720000,3956.0,2442.002,77.505,45.75
off,off_0188,0,8.328,21.724,2720000,3956.0,2442.002,81.61,45.54
off,off_0189,0,9.417,21.724,2720000,-10696.0,2442.002,178.296,46.14
off,off_0190,0,8.755,21.724,2720000,-8254.0,2442.002,170.585,45.78
off,off_0191,0,8.864,21.724,2720000,-10696.0,2442.002,252.425,45.84
off,off_0192,0,8.112,21.724,2720000,-8254.0,2442.002,176.314,45.41
off,off_0193,0,8.597,21.724,2720000,-10696.0,2442.002,183.577,45.69
off,off_0194,0,8.359,21.724,2720000,3956.0,2442.002,87.454,45.56
off,off_0195,0,8.723,21.724,2720000,-8254.0,2442.002,172.12,45.77
off,off_0196,0,8.037,21.724,2720000,-10696.0,2442.002,213.666,45.36
off,off_0197,0,8.151,21.724,2720000,3956.0,2442.002,82.211,45.43
off,off_0198,0,8.314,21.724,2720000,-8254.0,2442.002,170.918,45.53
off,off_0199,0,8.676,21.724,2720000,-8254.0,2442.002,173.654,45.74
b6,b6_0000,1,54.702,21.724,2720000,18608.1,2442.002,462.639,54.19
b6,b6_0001,1,47.622,21.724,2720000,18608.1,2442.002,450.529,53.57
b6,b6_0002,1,56.369,21.724,2720000,18608.1,2442.002,450.082,54.32
b6,b6_0003,1,62.68,21.724,2720000,18608.1,2442.002,450.516,54.79
b6,b6_0004,1,72.282,21.724,2720000,18608.1,2442.002,450.926,55.42
b6,b6_0005,1,43.9,21.724,2720000,18608.1,2442.002,451.373,53.21
b6,b6_0006,1,35.111,21.724,2720000,21050.1,2442.002,451.834,52.22
b6,b6_0007,1,52.956,21.724,2720000,18608.1,2442.002,452.217,54.04
b6,b6_0008,1,66.539,21.724,2720000,18608.1,2442.002,452.626,55.05
b6,b6_0009,1,69.648,21.724,2720000,18608.1,2442.002,452.959,55.25
b6,b6_0010,1,41.814,21.724,2720000,21050.1,2442.002,465.785,53.0
b6,b6_0011,1,67.715,21.724,2720000,18608.1,2442.002,455.708,55.13
b6,b6_0012,1,49.251,21.724,2720000,18608.1,2442.002,454.199,53.72
b6,b6_0013,1,50.212,21.724,2720000,21050.1,2442.002,454.647,53.81
b6,b6_0014,1,49.012,21.724,2720000,18608.1,2442.002,455.043,53.7
b6,b6_0015,1,57.401,21.724,2720000,18608.1,2442.002,455.504,54.4
b6,b6_0016,1,65.039,21.724,2720000,18608.1,2442.002,455.926,54.95
b6,b6_0017,1,61.553,21.724,2720000,18608.1,2442.002,456.322,54.71
b6,b6_0018,1,52.47,21.724,2720000,18608.1,2442.002,456.757,54.0
b6,b6_0019,1,63.048,21.724,2720000,18608.1,2442.002,457.179,54.82
cn51,cn51_0000,1,24.016,21.724,2720000,18608.1,2442.002,795.191,50.51
cn51,cn51_0001,0,11.499,21.724,2720000,-10696.0,2442.002,186.263,47.1
cn51,cn51_0002,0,14.2,21.724,2720000,3956.0,2442.002,156.788,48.09
cn51,cn51_0003,0,13.608,21.724,2720000,-10696.0,2442.002,184.102,47.89
cn51,cn51_0004,0,11.348,21.724,2720000,18608.1,2442.002,787.531,47.04
cn51,cn51_0005,0,16.716,21.724,2720000,18608.1,2442.002,787.94,48.85
cn51,cn51_0006,0,20.078,21.724,2720000,18608.1,2442.002,788.401,49.69
cn51,cn51_0007,0,12.003,21.724,2720000,3956.0,2442.002,162.989,47.3
cn51,cn51_0008,0,12.227,21.724,2720000,3956.0,2442.002,318.767,47.39
cn51,cn51_0009,0,12.862,21.724,2720000,18608.1,2442.002,789.513,47.63
cn51,cn51_0010,0,17.646,21.724,2720000,18608.1,2442.002,789.897,49.1
cn51,cn51_0011,0,11.086,21.724,2720000,-8254.0,2442.002,230.277,46.93
cn51,cn51_0012,0,20.9,21.724,2720000,18608.1,2442.002,792.646,49.88
cn51,cn51_0013,0,16.358,21.724,2720000,3956.0,2442.002,295.788,48.75
cn51,cn51_0014,0,11.653,21.724,2720000,-40000.0,2442.002,924.907,47.16
cn51,cn51_0015,0,16.566,21.724,2720000,18608.1,2442.002,792.045,48.81
cn51,cn51_0016,0,21.042,21.724,2720000,18608.1,2442.002,792.313,49.91
cn51,cn51_0017,0,11.84,21.724,2720000,-13138.0,2442.002,200.291,47.24
cn51,cn51_0018,0,11.464,21.724,2720000,18608.1,2442.002,793.298,47.08
cn51,cn51_0019,0,14.236,21.724,2720000,-10696.0,2442.002,175.572,48.11
cn51,cn51_0020,0,11.619,21.724,2720000,-10696.0,2442.002,256.965,47.15
cn51,cn51_0021,0,12.514,21.724,2720000,-8254.0,2442.002,230.968,47.5
cn51,cn51_0022,0,12.586,21.724,2720000,35702.1,2442.002,839.333,47.53
cn51,cn51_0023,0,17.083,21.724,2720000,18608.1,2442.002,795.383,48.95
cn51,cn51_0024,0,16.43,21.724,2720000,18608.1,2442.002,795.689,48.77
cn51,cn51_0025,0,13.114,21.724,2720000,-25348.0,2442.002,192.337,47.72
cn51,cn51_0026,0,13.697,21.724,2720000,-27790.0,2442.002,304.279,47.92
cn51,cn51_0027,0,11.643,21.724,2720000,-8254.0,2442.002,283.908,47.16
cn51,cn51_0028,0,18.046,21.724,2720000,18608.1,2442.002,797.39,49.2
cn51,cn51_0029,0,11.436,21.724,2720000,-25348.0,2442.002,177.772,47.07
cn51,cn51_0030,0,11.935,21.724,2720000,-10696.0,2442.002,195.176,47.28
cn51,cn51_0031,0,17.575,21.724,2720000,18608.1,2442.002,799.321,49.08
cn51,cn51_0032,0,12.2,21.724,2720000,3956.0,2442.002,173.757,47.38
cn51,cn51_0033,0,18.491,21.724,2720000,18608.1,2442.002,799.257,49.32
cn51,cn51_0034,1,22.083,21.724,2720000,18608.1,2442.002,799.769,50.13
cn51,cn51_0035,0,13.493,21.724,2720000,-10696.0,2442.002,164.294,47.85
cn51,cn51_0036,0,12.101,21.724,2720000,-27790.0,2442.002,302.565,47.34
cn51,cn51_0037,0,12.713,21.724,2720000,18608.1,2442.002,800.779,47.57
cn51,cn51_0038,0,11.299,21.724,2720000,-27790.0,2442.002,93.336,47.02
cn51,cn51_0039,0,12.725,21.724,2720000,18608.1,2442.002,801.815,47.58
cn51,cn51_0040,0,12.774,21.724,2720000,18608.1,2442.002,802.262,47.6
cn51,cn51_0041,0,13.394,21.724,2720000,-10696.0,2442.002,255.673,47.82
cn51,cn51_0042,0,14.124,21.724,2720000,-32674.0,2442.002,206.684,48.07
cn51,cn51_0043,0,14.2,21.724,2720000,18608.1,2442.002,803.528,48.09
cn51,cn51_0044,0,12.188,21.724,2720000,-27790.0,2442.002,308.69,47.38
cn51,cn51_0045,0,13.207,21.724,2720000,-8254.0,2442.002,192.835,47.75
cn51,cn51_0046,0,12.068,21.724,2720000,-10696.0,2442.002,232.707,47.33
cn51,cn51_0047,0,11.432,21.724,2720000,16166.1,2442.002,454.122,47.07
cn51,cn51_0048,0,10.849,21.724,2720000,1514.0,2442.002,281.159,46.82
cn51,cn51_0049,0,11.978,21.724,2720000,-27790.0,2442.002,314.905,47.29
cn51,cn51_0050,0,12.793,21.724,2720000,-8254.0,2442.002,173.04,47.6
cn51,cn51_0051,0,13.543,21.724,2720000,-10696.0,2442.002,225.022,47.87
cn51,cn51_0052,0,13.949,21.724,2720000,18608.1,2442.002,807.083,48.01
cn51,cn51_0053,0,12.486,21.724,2720000,-30232.0,2442.002,189.869,47.49
cn51,cn51_0054,0,13.139,21.724,2720000,3956.0,2442.002,55.856,47.73
cn51,cn51_0055,0,11.73,21.724,2720000,-8254.0,2442.002,175.675,47.19
cn51,cn51_0056,0,12.592,21.724,2720000,-27790.0,2442.002,314.368,47.53
cn51,cn51_0057,0,12.92,21.724,2720000,6398.0,2442.002,20.37,47.65
cn51,cn51_0058,0,10.622,21.724,2720000,-15580.0,2442.002,118.348,46.72
cn51,cn51_0059,0,13.692,21.724,2720000,35702.1,2442.002,782.736,47.92
cn51,cn51_0060,0,11.709,21.724,2720000,-10696.0,2442.002,182.35,47.19
cn51,cn51_0061,0,10.677,21.724,2720000,-5812.0,2442.002,85.983,46.75
cn51,cn51_0062,0,17.009,21.724,2720000,18608.1,2442.002,811.226,48.93
cn51,cn51_0063,0,17.468,21.724,2720000,18608.1,2442.002,811.687,49.05
cn51,cn51_0064,0,14.777,21.724,2720000,18608.1,2442.002,812.07,48.28
cn51,cn51_0065,0,11.074,21.724,2720000,3956.0,2442.002,142.977,46.92
cn51,cn51_0066,0,12.184,21.724,2720000,1514.0,2442.002,312.45,47.37
cn51,cn51_0067,0,11.671,21.724,2720000,-10696.0,2442.002,257.579,47.17
cn51,cn51_0068,0,13.175,21.724,2720000,-10696.0,2442.002,198.603,47.74
cn51,cn51_0069,0,10.696,21.724,2720000,-8254.0,2442.002,268.665,46.75
cn51,cn51_0070,0,11.607,21.724,2720000,1514.0,2442.002,269.855,47.14
cn51,cn51_0071,0,10.696,21.724,2720000,18608.1,2442.002,814.845,46.75
cn51,cn51_0072,0,12.415,21.724,2720000,-8254.0,2442.002,178.334,47.46
cn51,cn51_0073,0,13.001,21.724,2720000,18608.1,2442.002,815.625,47.68
cn51,cn51_0074,0,12.551,21.724,2720000,-8254.0,2442.002,295.609,47.51
cn51,cn51_0075,0,12.34,21.724,2720000,18608.1,2442.002,816.495,47.43
cn51,cn51_0076,0,14.109,21.724,2720000,18608.1,2442.002,816.904,48.06
cn51,cn51_0077,0,15.987,21.724,2720000,18608.1,2442.002,817.351,48.64
cn51,cn51_0078,0,14.651,21.724,2720000,18608.1,2442.002,817.722,48.24
cn51,cn51_0079,0,17.446,21.724,2720000,18608.1,2442.002,818.234,49.05
cn51,cn51_0080,0,13.362,21.724,2720000,-32674.0,2442.002,171.762,47.81
cn51,cn51_0081,0,16.102,21.724,2720000,18608.1,2442.002,819.027,48.68
cn51,cn51_0082,0,14.064,21.724,2720000,-22906.0,2442.002,197.362,48.05
cn51,cn51_0083,0,12.902,21.724,2720000,18608.1,2442.002,819.909,47.64
cn51,cn51_0084,0,11.307,21.724,2720000,3956.0,2442.002,167.657,47.02
cn51,cn51_0085,0,14.123,21.724,2720000,-8254.0,2442.002,235.252,48.07
cn51,cn51_0086,0,13.528,21.724,2720000,3956.0,2442.002,65.037,47.87
cn51,cn51_0087,0,11.513,21.724,2720000,21050.1,2442.002,531.423,47.1
cn51,cn51_0088,0,10.9,21.724,2720000,-8254.0,2442.002,279.164,46.84
cn51,cn51_0089,0,15.103,21.724,2720000,18608.1,2442.002,822.313,48.38
cn51,cn51_0090,0,13.925,21.724,2720000,18608.1,2442.002,822.658,48.0
cn51,cn51_0091,0,17.453,21.724,2720000,18608.1,2442.002,823.093,49.05
cn51,cn51_0092,0,15.942,21.724,2720000,18608.1,2442.002,823.528,48.63
cn51,cn51_0093,0,12.613,21.724,2720000,-10696.0,2442.002,235.61,47.54
cn51,cn51_0094,0,15.388,21.724,2720000,-8254.0,2442.002,231.057,48.47
cn51,cn51_0095,0,16.097,21.724,2720000,18608.1,2442.002,824.794,48.68
cn51,cn51_0096,0,11.651,21.724,2720000,-8254.0,2442.002,284.739,47.16
cn51,cn51_0097,0,13.06,21.724,2720000,3956.0,2442.002,69.436,47.7
cn51,cn51_0098,0,12.446,21.724,2720000,18608.1,2442.002,826.021,47.47
cn51,cn51_0099,0,13.195,21.724,2720000,18608.1,2442.002,826.482,47.75
cn51,cn51_0100,0,19.559,21.724,2720000,18608.1,2442.002,826.891,49.57
cn51,cn51_0101,0,11.068,21.724,2720000,-8254.0,2442.002,270.341,46.92
cn51,cn51_0102,0,13.049,21.724,2720000,-10696.0,2442.002,221.556,47.7
cn51,cn51_0103,0,12.783,21.724,2720000,-10696.0,2442.002,228.615,47.6
cn51,cn51_0104,0,10.719,21.724,2720000,-8254.0,2442.002,175.483,46.76
cn51,cn51_0105,0,11.341,21.724,2720000,1514.0,2442.002,107.965,47.03
cn51,cn51_0106,0,11.404,21.724,2720000,18608.1,2442.002,830.049,47.06
cn51,cn51_0107,0,12.299,21.724,2720000,3956.0,2442.002,25.025,47.42
cn51,cn51_0108,0,15.986,21.724,2720000,-8254.0,2442.002,261.466,48.64
cn51,cn51_0109,0,12.145,21.724,2720000,21050.1,2442.002,601.588,47.36
cn51,cn51_0110,0,12.89,21.724,2720000,-10696.0,2442.002,217.413,47.64
cn51,cn51_0111,0,12.138,21.724,2720000,-10696.0,2442.002,160.406,47.36
cn51,cn51_0112,0,11.816,21.724,2720000,-32674.0,2442.002,225.546,47.23
cn51,cn51_0113,0,12.226,21.724,2720000,18608.1,2442.002,832.185,47.39
cn51,cn51_0114,0,11.635,21.724,2720000,-8254.0,2442.002,166.762,47.16
cn51,cn51_0115,0,11.788,21.724,2720000,-8254.0,2442.002,247.246,47.22
cn51,cn51_0116,0,11.676,21.724,2720000,-10696.0,2442.002,179.127,47.17
cn51,cn51_0117,0,15.476,21.724,2720000,18608.1,2442.002,833.847,48.49
cn51,cn51_0118,0,12.867,21.724,2720000,21050.1,2442.002,533.085,47.63
cn51,cn51_0119,0,17.878,21.724,2720000,18608.1,2442.002,834.627,49.16
cn51,cn51_0120,0,11.727,21.724,2720000,-8254.0,2442.002,241.287,47.19
cn51,cn51_0121,0,14.715,21.724,2720000,18608.1,2442.002,835.42,48.26
cn51,cn51_0122,0,11.074,21.724,2720000,-10696.0,2442.002,199.856,46.92
cn51,cn51_0123,0,11.548,21.724,2720000,-10696.0,2442.002,182.222,47.12
cn51,cn51_0124,0,11.97,21.724,2720000,-15580.0,2442.002,148.604,47.29
cn51,cn51_0125,0,16.515,21.724,2720000,18608.1,2442.002,837.901,48.8
cn51,cn51_0126,0,11.747,21.724,2720000,3956.0,2442.002,34.283,47.2
cn51,cn51_0127,0,12.32,21.724,2720000,3956.0,2442.002,51.009,47.43
cn51,cn51_0128,0,18.17,21.724,2720000,18608.1,2442.002,838.285,49.24
cn51,cn51_0129,0,13.528,21.724,2720000,18608.1,2442.002,838.732,47.87
cn51,cn51_0130,0,19.2,21.724,2720000,18608.1,2442.002,839.218,49.49
cn51,cn51_0131,0,16.597,21.724,2720000,18608.1,2442.002,839.653,48.82
cn51,cn51_0132,0,14.197,21.724,2720000,18608.1,2442.002,839.96,48.09
cn51,cn51_0133,0,11.416,21.724,2720000,1514.0,2442.002,244.561,47.06
cn51,cn51_0134,0,12.955,21.724,2720000,18608.1,2442.002,840.842,47.66
cn51,cn51_0135,0,14.129,21.724,2720000,18608.1,2442.002,841.264,48.07
cn51,cn51_0136,0,12.669,21.724,2720000,-8254.0,2442.002,256.172,47.56
cn51,cn51_0137,0,12.796,21.724,2720000,-37558.0,2442.002,163.22,47.61
cn51,cn51_0138,0,11.573,21.724,2720000,3956.0,2442.002,158.117,47.13
cn51,cn51_0139,0,12.285,21.724,2720000,-22906.0,2442.002,210.546,47.41
cn51,cn51_0140,0,13.798,21.724,2720000,-10696.0,2442.002,180.317,47.96
cn51,cn51_0141,0,15.793,21.724,2720000,18608.1,2442.002,843.796,48.59
cn51,cn51_0142,0,14.23,21.724,2720000,21050.1,2442.002,844.09,48.1
cn51,cn51_0143,0,13.072,21.724,2720000,-10696.0,2442.002,258.423,47.71
cn51,cn51_0144,0,11.369,21.724,2720000,-10696.0,2442.002,192.209,47.05
cn51,cn51_0145,0,13.674,21.724,2720000,18608.1,2442.002,845.305,47.92
cn51,cn51_0146,0,17.967,21.724,2720000,18608.1,2442.002,845.727,49.18
cn51,cn51_0147,0,13.565,21.724,2720000,18608.1,2442.002,846.2,47.88
cn51,cn51_0148,0,12.671,21.724,2720000,-25348.0,2442.002,195.598,47.56
cn51,cn51_0149,0,15.29,21.724,2720000,18608.1,2442.002,847.031,48.44
cn51,cn51_0150,0,11.681,21.724,2720000,16166.1,2442.002,450.491,47.17
cn51,cn51_0151,0,13.16,21.724,2720000,18608.1,2442.002,847.875,47.74
cn51,cn51_0152,0,15.382,21.724,2720000,18608.1,2442.002,848.272,48.47
cn51,cn51_0153,0,13.126,21.724,2720000,-8254.0,2442.002,256.709,47.72
cn51,cn51_0154,0,13.53,21.724,2720000,-10696.0,2442.002,256.747,47.87
cn51,cn51_0155,0,13.702,21.724,2720000,21050.1,2442.002,538.482,47.93
cn51,cn51_0156,0,12.746,21.724,2720000,18608.1,2442.002,849.972,47.59
cn51,cn51_0157,0,16.325,21.724,2720000,18608.1,2442.002,850.42,48.74
cn51,cn51_0158,0,13.524,21.724,2720000,1514.0,2442.002,218.717,47.87
cn51,cn51_0159,0,12.258,21.724,2720000,-27790.0,2442.002,301.056,47.4
cn51,cn51_0160,0,16.373,21.724,2720000,-10696.0,2442.002,258.231,48.76
cn51,cn51_0161,0,17.007,21.724,2720000,18608.1,2442.002,851.865,48.93
cn51,cn51_0162,0,15.737,21.724,2720000,18608.1,2442.002,855.548,48.57
cn51,cn51_0163,0,13.557,21.724,2720000,18608.1,2442.002,853.604,47.88
cn51,cn51_0164,0,13.64,21.724,2720000,18608.1,2442.002,853.246,47.91
cn51,cn51_0165,0,18.379,21.724,2720000,18608.1,2442.002,853.578,49.29
cn51,cn51_0166,0,13.089,21.724,2720000,1514.0,2442.002,250.021,47.71
cn51,cn51_0167,0,13.701,21.724,2720000,21050.1,2442.002,536.896,47.93
cn51,cn51_0168,0,16.172,21.724,2720000,18608.1,2442.002,854.883,48.7
cn51,cn51_0169,1,21.921,21.724,2720000,18608.1,2442.002,855.228,50.09
cn51,cn51_0170,0,12.202,21.724,2720000,35702.1,2442.002,769.731,47.38
cn51,cn51_0171,1,22.467,21.724,2720000,18608.1,2442.002,856.034,50.21
cn51,cn51_0172,0,12.503,21.724,2720000,-10696.0,2442.002,251.402,47.5
cn51,cn51_0173,0,12.29,21.724,2720000,-8254.0,2442.002,257.067,47.41
cn51,cn51_0174,0,12.482,21.724,2720000,18608.1,2442.002,857.44,47.49
cn51,cn51_0175,0,12.032,21.724,2720000,-8254.0,2442.002,170.713,47.31
cn51,cn51_0176,0,15.087,21.724,2720000,18608.1,2442.002,858.182,48.38
cn51,cn51_0177,0,12.049,21.724,2720000,3956.0,2442.002,95.42,47.32
cn51,cn51_0178,0,13.584,21.724,2720000,18608.1,2442.002,859.077,47.89
cn51,cn51_0179,0,10.823,21.724,2720000,21050.1,2442.002,859.422,46.81
cn51,cn51_0180,0,17.447,21.724,2720000,18608.1,2442.002,863.003,49.05
cn51,cn51_0181,0,12.911,21.724,2720000,3956.0,2442.002,171.122,47.65
cn51,cn51_0182,0,12.464,21.724,2720000,-10696.0,2442.002,202.528,47.48
cn51,cn51_0183,0,13.875,21.724,2720000,-10696.0,2442.002,179.767,47.99
cn51,cn51_0184,0,11.59,21.724,2720000,3956.0,2442.002,74.41,47.14
cn51,cn51_0185,0,12.579,21.724,2720000,3956.0,2442.002,77.697,47.52
cn51,cn51_0186,0,12.224,21.724,2720000,3956.0,2442.002,63.874,47.39
cn51,cn51_0187,0,13.39,21.724,2720000,-8254.0,2442.002,188.475,47.82
cn51,cn51_0188,0,16.129,21.724,2720000,18608.1,2442.002,863.118,48.69
cn51,cn51_0189,0,20.279,21.724,2720000,18608.1,2442.002,863.578,49.74
cn51,cn51_0190,0,11.917,21.724,2720000,40586.1,2442.002,975.635,47.27
cn51,cn51_0191,0,13.929,21.724,2720000,18608.1,2442.002,864.486,48.0
cn51,cn51_0192,0,12.568,21.724,2720000,-8254.0,2442.002,270.468,47.52
cn51,cn51_0193,0,16.303,21.724,2720000,18608.1,2442.002,865.241,48.74
cn51,cn51_0194,0,11.951,21.724,2720000,-27790.0,2442.002,86.623,47.28
cn51,cn51_0195,0,12.182,21.724,2720000,18608.1,2442.002,866.174,47.37
cn51,cn51_0196,0,15.579,21.724,2720000,18608.1,2442.002,866.519,48.53
cn51,cn51_0197,0,13.197,21.724,2720000,-10696.0,2442.002,212.937,47.75
cn51,cn51_0198,0,13.088,21.724,2720000,18608.1,2442.002,867.184,47.71
cn51,cn51_0199,0,13.074,21.724,2720000,-10696.0,2442.002,255.852,47.71
b7,b7_0000,1,49.432,21.724,2720000,18608.1,2442.002,989.305,53.74
b7,b7_0001,1,69.114,21.724,2720000,18608.1,2442.002,977.182,55.22
b7,b7_0002,1,73.867,21.724,2720000,18608.1,2442.002,976.76,55.51
b7,b7_0003,1,74.775,21.724,2720000,18608.1,2442.002,977.17,55.57
b7,b7_0004,1,62.739,21.724,2720000,18608.1,2442.002,977.579,54.79
b7,b7_0005,1,64.155,21.724,2720000,18608.1,2442.002,977.988,54.89
b7,b7_0006,1,66.28,21.724,2720000,18608.1,2442.002,990.839,55.04
b7,b7_0007,1,70.559,21.724,2720000,18608.1,2442.002,980.75,55.31
b7,b7_0008,1,65.649,21.724,2720000,18608.1,2442.002,979.139,54.99
b7,b7_0009,1,45.961,21.724,2720000,18608.1,2442.002,979.548,53.42
b7,b7_0010,1,66.219,21.724,2720000,18608.1,2442.002,979.932,55.03
b7,b7_0011,1,60.986,21.724,2720000,18608.1,2442.002,980.366,54.67
b7,b7_0012,1,67.715,21.724,2720000,18608.1,2442.002,980.801,55.13
b7,b7_0013,1,67.312,21.724,2720000,18608.1,2442.002,981.198,55.1
b7,b7_0014,1,65.374,21.724,2720000,18608.1,2442.002,981.645,54.97
b7,b7_0015,1,59.771,21.724,2720000,18608.1,2442.002,982.029,54.58
b7,b7_0016,1,54.034,21.724,2720000,18608.1,2442.002,982.464,54.13
b7,b7_0017,1,52.659,21.724,2720000,18608.1,2442.002,982.847,54.02
b7,b7_0018,1,56.89,21.724,2720000,18608.1,2442.002,983.295,54.36
b7,b7_0019,1,60.416,21.724,2720000,18608.1,2442.002,983.704,54.63
cn53,cn53_0000,1,23.969,21.724,2720000,18608.1,2442.002,79.078,50.5
cn53,cn53_0001,1,24.523,21.724,2720000,18608.1,2442.002,71.047,50.6
cn53,cn53_0002,1,31.956,21.724,2720000,18608.1,2442.002,70.651,51.8
cn53,cn53_0003,1,24.18,21.724,2720000,18608.1,2442.002,70.894,50.54
cn53,cn53_0004,0,13.787,21.724,2720000,-27790.0,2442.002,304.01,47.96
cn53,cn53_0005,1,22.595,21.724,2720000,18608.1,2442.002,71.712,50.23
cn53,cn53_0006,0,15.686,21.724,2720000,18608.1,2442.002,72.121,48.56
cn53,cn53_0007,0,19.965,21.724,2720000,18608.1,2442.002,72.492,49.67
cn53,cn53_0008,1,23.067,21.724,2720000,18608.1,2442.002,73.029,50.33
cn53,cn53_0009,0,13.545,21.724,2720000,6398.0,2442.002,17.442,47.87
cn53,cn53_0010,1,26.571,21.724,2720000,18608.1,2442.002,73.886,50.97
cn53,cn53_0011,0,21.719,21.724,2720000,18608.1,2442.002,74.231,50.05
cn53,cn53_0012,0,20.196,21.724,2720000,18608.1,2442.002,74.743,49.72
cn53,cn53_0013,1,24.946,21.724,2720000,18608.1,2442.002,75.075,50.68
cn53,cn53_0014,0,17.863,21.724,2720000,3956.0,2442.002,170.7,49.16
cn53,cn53_0015,0,14.336,21.724,2720000,-32674.0,2442.002,182.836,48.14
cn53,cn53_0016,0,14.152,21.724,2720000,18608.1,2442.002,76.354,48.08
cn53,cn53_0017,1,35.19,21.724,2720000,18608.1,2442.002,76.725,52.23
cn53,cn53_0018,1,24.87,21.724,2720000,18608.1,2442.002,77.121,50.67
cn53,cn53_0019,0,17.349,21.724,2720000,18608.1,2442.002,89.998,49.02
cn53,cn53_0020,0,11.612,21.724,2720000,18608.1,2442.002,79.909,47.15
cn53,cn53_0021,1,27.709,21.724,2720000,18608.1,2442.002,78.336,51.15
cn53,cn53_0022,0,16.348,21.724,2720000,18608.1,2442.002,78.63,48.75
cn53,cn53_0023,0,17.884,21.724,2720000,18608.1,2442.002,79.116,49.16
cn53,cn53_0024,0,17.167,21.724,2720000,18608.1,2442.002,79.513,48.97
cn53,cn53_0025,1,25.656,21.724,2720000,18608.1,2442.002,79.909,50.81
cn53,cn53_0026,0,13.031,21.724,2720000,3956.0,2442.002,57.314,47.69
cn53,cn53_0027,0,17.718,21.724,2720000,18608.1,2442.002,80.753,49.12
cn53,cn53_0028,0,13.726,21.724,2720000,18608.1,2442.002,81.137,47.93
cn53,cn53_0029,0,11.932,21.724,2720000,6398.0,2442.002,1002.463,47.27
cn53,cn53_0030,0,17.401,21.724,2720000,18608.1,2442.002,81.93,49.04
cn53,cn53_0031,0,18.196,21.724,2720000,18608.1,2442.002,82.377,49.24
cn53,cn53_0032,1,32.754,21.724,2720000,18608.1,2442.002,82.825,51.91
cn53,cn53_0033,0,19.782,21.724,2720000,18608.1,2442.002,83.259,49.63
cn53,cn53_0034,0,21.495,21.724,2720000,21050.1,2442.002,83.605,50.0
cn53,cn53_0035,1,22.209,21.724,2720000,18608.1,2442.002,84.052,50.15
cn53,cn53_0036,0,17.47,21.724,2720000,18608.1,2442.002,84.525,49.05
cn53,cn53_0037,1,25.762,21.724,2720000,18608.1,2442.002,88.157,50.83
cn53,cn53_0038,0,18.95,21.724,2720000,18608.1,2442.002,86.201,49.43
cn53,cn53_0039,0,12.413,21.724,2720000,-27790.0,2442.002,315.135,47.46
cn53,cn53_0040,0,18.783,21.724,2720000,18608.1,2442.002,86.264,49.39
cn53,cn53_0041,1,24.236,21.724,2720000,18608.1,2442.002,86.469,50.55
cn53,cn53_0042,1,21.794,21.724,2720000,18608.1,2442.002,86.865,50.07
cn53,cn53_0043,0,21.506,21.724,2720000,18608.1,2442.002,87.275,50.01
cn53,cn53_0044,0,21.613,21.724,2720000,18608.1,2442.002,87.671,50.03
cn53,cn53_0045,0,14.062,21.724,2720000,3956.0,2442.002,223.5,48.05
cn53,cn53_0046,0,13.665,21.724,2720000,1514.0,2442.002,327.577,47.91
cn53,cn53_0047,0,13.561,21.724,2720000,18608.1,2442.002,88.988,47.88
cn53,cn53_0048,0,11.591,21.724,2720000,-10696.0,2442.002,190.15,47.14
cn53,cn53_0049,1,27.589,21.724,2720000,18608.1,2442.002,89.768,51.13
cn53,cn53_0050,0,16.006,21.724,2720000,18608.1,2442.002,90.165,48.65
cn53,cn53_0051,0,11.369,21.724,2720000,35702.1,2442.002,784.104,47.05
cn53,cn53_0052,0,14.585,21.724,2720000,18608.1,2442.002,91.06,48.22
cn53,cn53_0053,1,28.43,21.724,2720000,18608.1,2442.002,91.431,51.27
cn53,cn53_0054,0,12.838,21.724,2720000,1514.0,2442.002,239.331,47.62
cn53,cn53_0055,1,23.27,21.724,2720000,18608.1,2442.002,92.313,50.36
cn53,cn53_0056,0,11.53,21.724,2720000,-27790.0,2442.002,311.107,47.11
cn53,cn53_0057,0,10.795,21.724,2720000,3956.0,2442.002,161.89,46.8
cn53,cn53_0058,0,12.74,21.724,2720000,18608.1,2442.002,93.502,47.58
cn53,cn53_0059,0,11.859,21.724,2720000,-8254.0,2442.002,184.843,47.25
cn53,cn53_0060,0,18.097,21.724,2720000,18608.1,2442.002,94.244,49.22
cn53,cn53_0061,0,19.952,21.724,2720000,18608.1,2442.002,94.564,49.66
cn53,cn53_0062,0,14.295,21.724,2720000,18608.1,2442.002,95.075,48.12
cn53,cn53_0063,0,14.507,21.724,2720000,18608.1,2442.002,95.484,48.19
cn53,cn53_0064,0,15.296,21.724,2720000,18608.1,2442.002,96.021,48.44
cn53,cn53_0065,0,17.744,21.724,2720000,18608.1,2442.002,96.341,49.13
cn53,cn53_0066,0,11.729,21.724,2720000,-8254.0,2442.002,181.787,47.19
cn53,cn53_0067,1,22.445,21.724,2720000,18608.1,2442.002,97.236,50.2
cn53,cn53_0068,0,12.435,21.724,2720000,35702.1,2442.002,768.337,47.47
cn53,cn53_0069,0,18.905,21.724,2720000,18608.1,2442.002,98.003,49.42
cn53,cn53_0070,0,12.407,21.724,2720000,3956.0,2442.002,168.194,47.46
cn53,cn53_0071,1,22.442,21.724,2720000,18608.1,2442.002,98.719,50.2
cn53,cn53_0072,0,14.284,21.724,2720000,3956.0,2442.002,82.172,48.12
cn53,cn53_0073,0,21.03,21.724,2720000,18608.1,2442.002,99.704,49.9
cn53,cn53_0074,0,14.148,21.724,2720000,3956.0,2442.002,90.382,48.08
cn53,cn53_0075,1,28.807,21.724,2720000,18608.1,2442.002,103.758,51.33
cn53,cn53_0076,0,15.17,21.724,2720000,18608.1,2442.002,101.776,48.4
cn53,cn53_0077,0,18.396,21.724,2720000,18608.1,2442.002,101.354,49.29
cn53,cn53_0078,0,14.547,21.724,2720000,18608.1,2442.002,101.814,48.21
cn53,cn53_0079,1,23.495,21.724,2720000,18608.1,2442.002,102.083,50.41
cn53,cn53_0080,1,24.535,21.724,2720000,18608.1,2442.002,102.466,50.6
cn53,cn53_0081,0,15.784,21.724,2720000,18608.1,2442.002,102.863,48.59
cn53,cn53_0082,0,12.8,21.724,2720000,18608.1,2442.002,103.297,47.61
cn53,cn53_0083,0,10.665,21.724,2720000,3956.0,2442.002,42.966,46.74
cn53,cn53_0084,0,17.686,21.724,2720000,18608.1,2442.002,104.218,49.11
cn53,cn53_0085,0,11.512,21.724,2720000,18608.1,2442.002,104.615,47.1
cn53,cn53_0086,0,16.793,21.724,2720000,18608.1,2442.002,104.96,48.87
cn53,cn53_0087,0,13.814,21.724,2720000,-8254.0,2442.002,267.374,47.96
cn53,cn53_0088,0,13.489,21.724,2720000,-10696.0,2442.002,182.695,47.85
cn53,cn53_0089,0,12.535,21.724,2720000,-8254.0,2442.002,173.808,47.51
cn53,cn53_0090,0,12.735,21.724,2720000,-13138.0,2442.002,154.665,47.58
cn53,cn53_0091,1,22.362,21.724,2720000,18608.1,2442.002,107.095,50.18
cn53,cn53_0092,0,15.255,21.724,2720000,18608.1,2442.002,107.466,48.43
cn53,cn53_0093,0,17.267,21.724,2720000,18608.1,2442.002,107.875,49.0
cn53,cn53_0094,0,21.026,21.724,2720000,18608.1,2442.002,111.597,49.9
cn53,cn53_0095,0,11.745,21.724,2720000,35702.1,2442.002,767.403,47.2
cn53,cn53_0096,0,14.051,21.724,2720000,18608.1,2442.002,109.141,48.04
cn53,cn53_0097,0,16.372,21.724,2720000,-10696.0,2442.002,222.63,48.76
cn53,cn53_0098,0,16.863,21.724,2720000,18608.1,2442.002,109.896,48.89
cn53,cn53_0099,0,20.789,21.724,2720000,18608.1,2442.002,110.292,49.85
cn53,cn53_0100,0,11.866,21.724,2720000,18608.1,2442.002,110.625,47.25
cn53,cn53_0101,0,14.178,21.724,2720000,18608.1,2442.002,111.111,48.09
cn53,cn53_0102,0,11.955,21.724,2720000,-8254.0,2442.002,272.655,47.28
cn53,cn53_0103,0,20.295,21.724,2720000,18608.1,2442.002,111.942,49.74
cn53,cn53_0104,0,14.795,21.724,2720000,18608.1,2442.002,112.415,48.28
cn53,cn53_0105,0,10.807,21.724,2720000,18608.1,2442.002,112.824,46.8
cn53,cn53_0106,0,15.378,21.724,2720000,3956.0,2442.002,88.86,48.46
cn53,cn53_0107,1,21.883,21.724,2720000,18608.1,2442.002,113.604,50.09
cn53,cn53_0108,0,20.442,21.724,2720000,18608.1,2442.002,114.064,49.78
cn53,cn53_0109,0,16.544,21.724,2720000,18608.1,2442.002,114.474,48.8
cn53,cn53_0110,0,16.036,21.724,2720000,18608.1,2442.002,114.781,48.66
cn53,cn53_0111,1,26.926,21.724,2720000,18608.1,2442.002,115.343,51.03
cn53,cn53_0112,0,10.65,21.724,2720000,3956.0,2442.002,164.371,46.73
cn53,cn53_0113,1,26.751,21.724,2720000,18608.1,2442.002,119.346,51.0
cn53,cn53_0114,0,15.046,21.724,2720000,18608.1,2442.002,117.428,48.36
cn53,cn53_0115,1,25.785,21.724,2720000,18608.1,2442.002,116.929,50.83
cn53,cn53_0116,0,13.027,21.724,2720000,-15580.0,2442.002,7.046,47.69
cn53,cn53_0117,1,30.581,21.724,2720000,18608.1,2442.002,117.722,51.6
cn53,cn53_0118,0,20.597,21.724,2720000,18608.1,2442.002,118.016,49.81
cn53,cn53_0119,0,19.019,21.724,2720000,18608.1,2442.002,118.515,49.44
cn53,cn53_0120,1,23.346,21.724,2720000,18608.1,2442.002,118.975,50.38
cn53,cn53_0121,0,21.277,21.724,2720000,18608.1,2442.002,119.359,49.96
cn53,cn53_0122,0,18.94,21.724,2720000,18608.1,2442.002,119.781,49.43
cn53,cn53_0123,0,20.452,21.724,2720000,18608.1,2442.002,120.228,49.78
cn53,cn53_0124,1,23.84,21.724,2720000,18608.1,2442.002,120.612,50.47
cn53,cn53_0125,0,12.931,21.724,2720000,18608.1,2442.002,121.021,47.65
cn53,cn53_0126,0,18.068,21.724,2720000,18608.1,2442.002,121.43,49.21
cn53,cn53_0127,0,16.277,21.724,2720000,21050.1,2442.002,121.839,48.73
cn53,cn53_0128,0,10.519,21.724,2720000,-27790.0,2442.002,94.461,46.67
cn53,cn53_0129,0,13.023,21.724,2720000,28376.1,2442.002,633.122,47.69
cn53,cn53_0130,0,14.735,21.724,2720000,21050.1,2442.002,123.131,48.27
cn53,cn53_0131,1,25.602,21.724,2720000,18608.1,2442.002,123.553,50.8
cn53,cn53_0132,1,32.791,21.724,2720000,18608.1,2442.002,127.184,51.91
cn53,cn53_0133,0,11.974,21.724,2720000,-27790.0,2442.002,293.857,47.29
cn53,cn53_0134,1,25.604,21.724,2720000,18608.1,2442.002,124.768,50.8
cn53,cn53_0135,0,18.098,21.724,2720000,18608.1,2442.002,125.177,49.22
cn53,cn53_0136,0,13.332,21.724,2720000,-10696.0,2442.002,175.751,47.8
cn53,cn53_0137,0,19.686,21.724,2720000,18608.1,2442.002,125.982,49.6
cn53,cn53_0138,0,12.412,21.724,2720000,-10696.0,2442.002,151.736,47.46
cn53,cn53_0139,0,12.255,21.724,2720000,-10696.0,2442.002,225.188,47.4
cn53,cn53_0140,1,25.097,21.724,2720000,18608.1,2442.002,127.248,50.71
cn53,cn53_0141,1,22.472,21.724,2720000,18608.1,2442.002,127.632,50.21
cn53,cn53_0142,0,11.784,21.724,2720000,18608.1,2442.002,470.9,47.22
cn53,cn53_0143,0,15.79,21.724,2720000,18608.1,2442.002,128.45,48.59
cn53,cn53_0144,0,18.024,21.724,2720000,18608.1,2442.002,128.898,49.2
cn53,cn53_0145,0,18.717,21.724,2720000,18608.1,2442.002,129.269,49.37
cn53,cn53_0146,0,15.892,21.724,2720000,18608.1,2442.002,129.78,48.62
cn53,cn53_0147,0,13.468,21.724,2720000,18608.1,2442.002,130.151,47.85
cn53,cn53_0148,0,12.758,21.724,2720000,-8254.0,2442.002,169.012,47.59
cn53,cn53_0149,0,17.164,21.724,2720000,18608.1,2442.002,130.995,48.97
cn53,cn53_0150,0,13.918,21.724,2720000,18608.1,2442.002,134.665,48.0
cn53,cn53_0151,0,13.456,21.724,2720000,-10696.0,2442.002,182.644,47.84
cn53,cn53_0152,0,15.577,21.724,2720000,18608.1,2442.002,132.312,48.52
cn53,cn53_0153,0,15.478,21.724,2720000,18608.1,2442.002,132.67,48.49
cn53,cn53_0154,1,23.156,21.724,2720000,18608.1,2442.002,132.99,50.34
cn53,cn53_0155,0,14.596,21.724,2720000,18608.1,2442.002,133.386,48.22
cn53,cn53_0156,0,17.47,21.724,2720000,18608.1,2442.002,133.86,49.05
cn53,cn53_0157,0,14.446,21.724,2720000,18608.1,2442.002,134.269,48.17
cn53,cn53_0158,0,17.597,21.724,2720000,18608.1,2442.002,134.704,49.09
cn53,cn53_0159,0,21.365,21.724,2720000,18608.1,2442.002,135.087,49.98
cn53,cn53_0160,0,14.96,21.724,2720000,18608.1,2442.002,135.509,48.34
cn53,cn53_0161,1,22.085,21.724,2720000,18608.1,2442.002,135.906,50.13
cn53,cn53_0162,0,14.404,21.724,2720000,18608.1,2442.002,136.391,48.16
cn53,cn53_0163,1,23.915,21.724,2720000,18608.1,2442.002,136.801,50.49
cn53,cn53_0164,0,14.095,21.724,2720000,18608.1,2442.002,137.146,48.06
cn53,cn53_0165,1,23.351,21.724,2720000,18608.1,2442.002,137.568,50.38
cn53,cn53_0166,0,19.864,21.724,2720000,18608.1,2442.002,137.99,49.64
cn53,cn53_0167,0,21.388,21.724,2720000,18608.1,2442.002,138.45,49.98
cn53,cn53_0168,0,12.134,21.724,2720000,18608.1,2442.002,138.859,47.35
cn53,cn53_0169,0,16.427,21.724,2720000,18608.1,2442.002,142.478,48.77
cn53,cn53_0170,0,13.473,21.724,2720000,18608.1,2442.002,140.573,47.85
cn53,cn53_0171,0,20.455,21.724,2720000,18608.1,2442.002,140.113,49.78
cn53,cn53_0172,0,15.358,21.724,2720000,18608.1,2442.002,140.56,48.46
cn53,cn53_0173,0,18.288,21.724,2720000,18608.1,2442.002,140.816,49.27
cn53,cn53_0174,0,13.836,21.724,2720000,18608.1,2442.002,141.264,47.97
cn53,cn53_0175,0,11.21,21.724,2720000,-10696.0,2442.002,224.958,46.98
cn53,cn53_0176,0,13.79,21.724,2720000,18608.1,2442.002,142.056,47.96
cn53,cn53_0177,0,19.567,21.724,2720000,18608.1,2442.002,142.568,49.58
cn53,cn53_0178,0,17.853,21.724,2720000,18608.1,2442.002,142.977,49.15
cn53,cn53_0179,0,15.016,21.724,2720000,18608.1,2442.002,143.373,48.35
cn53,cn53_0180,1,23.895,21.724,2720000,18608.1,2442.002,143.719,50.49
cn53,cn53_0181,0,17.501,21.724,2720000,18608.1,2442.002,144.166,49.06
cn53,cn53_0182,0,15.458,21.724,2720000,18608.1,2442.002,144.601,48.49
cn53,cn53_0183,1,22.0,21.724,2720000,18608.1,2442.002,145.049,50.11
cn53,cn53_0184,0,11.527,21.724,2720000,-8254.0,2442.002,251.223,47.11
cn53,cn53_0185,0,19.618,21.724,2720000,18608.1,2442.002,145.893,49.59
cn53,cn53_0186,0,14.103,21.724,2720000,18608.1,2442.002,146.263,48.06
cn53,cn53_0187,0,15.576,21.724,2720000,18608.1,2442.002,146.685,48.52
cn53,cn53_0188,1,23.455,21.724,2720000,18608.1,2442.002,150.291,50.4
cn53,cn53_0189,1,23.696,21.724,2720000,18608.1,2442.002,148.412,50.45
cn53,cn53_0190,1,26.593,21.724,2720000,21050.1,2442.002,147.964,50.97
cn53,cn53_0191,1,25.535,21.724,2720000,18608.1,2442.002,148.361,50.79
cn53,cn53_0192,0,11.499,21.724,2720000,3956.0,2442.002,67.582,47.1
cn53,cn53_0193,1,25.064,21.724,2720000,18608.1,2442.002,149.141,50.7
cn53,cn53_0194,1,24.95,21.724,2720000,18608.1,2442.002,149.473,50.68
cn53,cn53_0195,0,15.944,21.724,2720000,18608.1,2442.002,149.921,48.63
cn53,cn53_0196,0,14.034,21.724,2720000,18608.1,2442.002,150.33,48.04
cn53,cn53_0197,0,13.437,21.724,2720000,-10696.0,2442.002,220.853,47.83
cn53,cn53_0198,0,15.806,21.724,2720000,18608.1,2442.002,151.187,48.59
cn53,cn53_0199,1,22.562,21.724,2720000,18608.1,2442.002,151.634,50.22
b8,b8_0000,1,60.372,21.724,2720000,18608.1,2442.002,370.096,54.62
b8,b8_0001,1,59.151,21.724,2720000,18608.1,2442.002,357.935,54.53
b8,b8_0002,1,58.295,21.724,2720000,18608.1,2442.002,357.5,54.47
b8,b8_0003,1,46.008,21.724,2720000,18608.1,2442.002,357.897,53.42
b8,b8_0004,1,63.586,21.724,2720000,18608.1,2442.002,358.344,54.85
b8,b8_0005,1,61.327,21.724,2720000,18608.1,2442.002,358.741,54.69
b8,b8_0006,1,66.465,21.724,2720000,18608.1,2442.002,359.188,55.05
b8,b8_0007,1,65.559,21.724,2720000,18608.1,2442.002,359.597,54.99
b8,b8_0008,1,57.741,21.724,2720000,18608.1,2442.002,360.006,54.43
b8,b8_0009,1,73.721,21.724,2720000,18608.1,2442.002,360.48,55.5
b8,b8_0010,1,60.184,21.724,2720000,18608.1,2442.002,360.863,54.61
b8,b8_0011,1,48.508,21.724,2720000,18608.1,2442.002,361.26,53.66
b8,b8_0012,1,57.023,21.724,2720000,18608.1,2442.002,361.579,54.37
b8,b8_0013,1,66.476,21.724,2720000,18608.1,2442.002,361.989,55.05
b8,b8_0014,1,71.503,21.724,2720000,18608.1,2442.002,362.423,55.37
b8,b8_0015,1,57.574,21.724,2720000,18608.1,2442.002,362.833,54.41
b8,b8_0016,1,61.9,21.724,2720000,18608.1,2442.002,363.242,54.73
b8,b8_0017,1,72.937,21.724,2720000,18608.1,2442.002,363.689,55.46
b8,b8_0018,1,75.129,21.724,2720000,18608.1,2442.002,376.541,55.59
b8,b8_0019,1,59.805,21.724,2720000,18608.1,2442.002,366.451,54.58
