run,capture,detected,metric,threshold,n_cells,freq_offset_hz,freq_step_hz,code_phase_chips,cn0_dbhz_est
b0,b0_0000,1,95.144,21.724,2720000,18608.1,2442.002,697.251,56.63
b0,b0_0001,1,103.172,21.724,2720000,18608.1,2442.002,685.985,56.98
b0,b0_0002,1,94.572,21.724,2720000,18608.1,2442.002,685.525,56.6
b0,b0_0003,1,100.287,21.724,2720000,18608.1,2442.002,685.973,56.86
b0,b0_0004,1,94.951,21.724,2720000,18608.1,2442.002,686.407,56.62
b0,b0_0005,1,116.913,21.724,2720000,18608.1,2442.002,686.791,57.53
b0,b0_0006,1,98.228,21.724,2720000,21050.1,2442.002,687.136,56.77
b0,b0_0007,1,95.722,21.724,2720000,18608.1,2442.002,687.533,56.65
b0,b0_0008,1,96.403,21.724,2720000,18608.1,2442.002,687.98,56.68
b0,b0_0009,1,112.055,21.724,2720000,18608.1,2442.002,688.389,57.34
b0,b0_0010,1,112.918,21.724,2720000,18608.1,2442.002,688.85,57.38
b0,b0_0011,1,88.078,21.724,2720000,18608.1,2442.002,699.617,56.29
b0,b0_0012,1,114.294,21.724,2720000,18608.1,2442.002,693.747,57.43
b0,b0_0013,1,114.372,21.724,2720000,18608.1,2442.002,690.103,57.43
b0,b0_0014,1,103.011,21.724,2720000,18608.1,2442.002,690.551,56.97
b0,b0_0015,1,93.746,21.724,2720000,18608.1,2442.002,690.973,56.56
b0,b0_0016,1,99.164,21.724,2720000,18608.1,2442.002,691.407,56.81
b0,b0_0017,1,99.523,21.724,2720000,18608.1,2442.002,691.817,56.82
b0,b0_0018,1,88.389,21.724,2720000,18608.1,2442.002,692.251,56.3
b0,b0_0019,1,90.341,21.724,2720000,18608.1,2442.002,692.686,56.4
cn55,cn55_0000,1,49.211,21.724,2720000,21050.1,2442.002,959.421,53.72
cn55,cn55_0001,1,44.546,21.724,2720000,18608.1,2442.002,949.318,53.28
cn55,cn55_0002,1,54.419,21.724,2720000,18608.1,2442.002,948.896,54.16
cn55,cn55_0003,1,56.402,21.724,2720000,18608.1,2442.002,949.28,54.32
cn55,cn55_0004,1,58.054,21.724,2720000,18608.1,2442.002,949.792,54.45
cn55,cn55_0005,1,47.134,21.724,2720000,18608.1,2442.002,950.214,53.53
cn55,cn55_0006,1,42.005,21.724,2720000,18608.1,2442.002,950.559,53.02
cn55,cn55_0007,1,44.822,21.724,2720000,18608.1,2442.002,951.045,53.3
cn55,cn55_0008,1,51.016,21.724,2720000,18608.1,2442.002,951.48,53.88
cn55,cn55_0009,1,45.12,21.724,2720000,18608.1,2442.002,951.863,53.33
cn55,cn55_0010,1,42.945,21.724,2720000,18608.1,2442.002,952.298,53.11
cn55,cn55_0011,1,37.714,21.724,2720000,18608.1,2442.002,952.733,52.54
cn55,cn55_0012,1,38.278,21.724,2720000,18608.1,2442.002,953.142,52.6
cn55,cn55_0013,1,39.731,21.724,2720000,21050.1,2442.002,953.577,52.77
cn55,cn55_0014,1,59.792,21.724,2720000,18608.1,2442.002,954.075,54.58
cn55,cn55_0015,1,36.206,21.724,2720000,21050.1,2442.002,954.408,52.35
cn55,cn55_0016,1,46.313,21.724,2720000,18608.1,2442.002,954.881,53.45
cn55,cn55_0017,1,43.429,21.724,2720000,18608.1,2442.002,955.175,53.16
cn55,cn55_0018,1,46.698,21.724,2720000,18608.1,2442.002,955.597,53.49
cn55,cn55_0019,1,53.114,21.724,2720000,18608.1,2442.002,966.351,54.06
cn55,cn55_0020,1,47.692,21.724,2720000,18608.1,2442.002,960.52,53.58
cn55,cn55_0021,1,46.816,21.724,2720000,18608.1,2442.002,956.876,53.5
cn55,cn55_0022,1,39.855,21.724,2720000,18608.1,2442.002,957.285,52.78
cn55,cn55_0023,1,43.88,21.724,2720000,18608.1,2442.002,957.707,53.21
cn55,cn55_0024,1,34.56,21.724,2720000,18608.1,2442.002,958.18,52.15
cn55,cn55_0025,1,38.441,21.724,2720000,18608.1,2442.002,958.589,52.62
cn55,cn55_0026,1,58.243,21.724,2720000,18608.1,2442.002,959.05,54.46
cn55,cn55_0027,1,44.023,21.724,2720000,18608.1,2442.002,959.433,53.22
cn55,cn55_0028,1,50.722,21.724,2720000,18608.1,2442.002,959.843,53.85
cn55,cn55_0029,1,61.839,21.724,2720000,18608.1,2442.002,960.265,54.73
cn55,cn55_0030,1,45.342,21.724,2720000,18608.1,2442.002,960.763,53.36
cn55,cn55_0031,1,38.699,21.724,2720000,21050.1,2442.002,961.16,52.65
cn55,cn55_0032,1,49.259,21.724,2720000,21050.1,2442.002,961.569,53.72
cn55,cn55_0033,1,48.426,21.724,2720000,18608.1,2442.002,962.029,53.65
cn55,cn55_0034,1,51.04,21.724,2720000,18608.1,2442.002,962.438,53.88
cn55,cn55_0035,1,45.155,21.724,2720000,18608.1,2442.002,962.937,53.34
cn55,cn55_0036,1,48.162,21.724,2720000,18608.1,2442.002,963.18,53.62
cn55,cn55_0037,1,39.378,21.724,2720000,21050.1,2442.002,963.589,52.73
cn55,cn55_0038,1,55.437,21.724,2720000,18608.1,2442.002,967.208,54.25
cn55,cn55_0039,1,58.33,21.724,2720000,21050.1,2442.002,965.328,54.47
cn55,cn55_0040,1,43.042,21.724,2720000,18608.1,2442.002,964.881,53.12
cn55,cn55_0041,1,41.964,21.724,2720000,21050.1,2442.002,965.277,53.01
cn55,cn55_0042,1,47.889,21.724,2720000,18608.1,2442.002,965.712,53.6
cn55,cn55_0043,1,56.47,21.724,2720000,18608.1,2442.002,966.16,54.33
cn55,cn55_0044,1,45.97,21.724,2720000,18608.1,2442.002,966.607,53.42
cn55,cn55_0045,1,61.647,21.724,2720000,18608.1,2442.002,967.004,54.72
cn55,cn55_0046,1,38.706,21.724,2720000,18608.1,2442.002,967.451,52.65
cn55,cn55_0047,1,49.796,21.724,2720000,18608.1,2442.002,967.886,53.77
cn55,cn55_0048,1,36.526,21.724,2720000,21050.1,2442.002,968.295,52.39
cn55,cn55_0049,1,49.905,21.724,2720000,21050.1,2442.002,968.691,53.78
cn55,cn55_0050,0,16.44,21.724,2720000,23492.1,2442.002,969.126,48.77
cn55,cn55_0051,1,50.622,21.724,2720000,21050.1,2442.002,969.612,53.84
cn55,cn55_0052,1,33.527,21.724,2720000,21050.1,2442.002,970.06,52.01
cn55,cn55_0053,1,54.472,21.724,2720000,18608.1,2442.002,970.456,54.17
cn55,cn55_0054,1,41.914,21.724,2720000,18608.1,2442.002,970.878,53.01
cn55,cn55_0055,1,49.835,21.724,2720000,18608.1,2442.002,971.198,53.78
cn55,cn55_0056,1,28.049,21.724,2720000,16166.1,2442.002,971.543,51.21
cn55,cn55_0057,1,28.769,21.724,2720000,18608.1,2442.002,975.226,51.32
cn55,cn55_0058,1,58.188,21.724,2720000,18608.1,2442.002,973.321,54.46
cn55,cn55_0059,1,39.582,21.724,2720000,18608.1,2442.002,972.873,52.75
cn55,cn55_0060,1,36.165,21.724,2720000,21050.1,2442.002,973.41,52.35
cn55,cn55_0061,1,32.893,21.724,2720000,21050.1,2442.002,973.755,51.92
cn55,cn55_0062,1,49.761,21.724,2720000,18608.1,2442.002,974.19,53.77
cn55,cn55_0063,1,46.709,21.724,2720000,18608.1,2442.002,974.599,53.49
cn55,cn55_0064,1,39.075,21.724,2720000,18608.1,2442.002,974.97,52.69
cn55,cn55_0065,1,49.367,21.724,2720000,18608.1,2442.002,975.469,53.73
cn55,cn55_0066,1,49.038,21.724,2720000,18608.1,2442.002,975.827,53.7
cn55,cn55_0067,1,45.726,21.724,2720000,18608.1,2442.002,976.3,53.39
cn55,cn55_0068,1,41.199,21.724,2720000,18608.1,2442.002,976.709,52.93
cn55,cn55_0069,1,43.516,21.724,2720000,18608.1,2442.002,977.182,53.17
cn55,cn55_0070,1,37.462,21.724,2720000,18608.1,2442.002,977.63,52.51
cn55,cn55_0071,1,57.569,21.724,2720000,18608.1,2442.002,978.026,54.41
cn55,cn55_0072,1,54.036,21.724,2720000,18608.1,2442.002,978.474,54.13
cn55,cn55_0073,1,41.851,21.724,2720000,18608.1,2442.002,978.985,53.0
cn55,cn55_0074,1,43.07,21.724,2720000,18608.1,2442.002,979.28,53.13
cn55,cn55_0075,1,37.665,21.724,2720000,18608.1,2442.002,986.952,52.53
cn55,cn55_0076,1,21.992,21.724,2720000,18608.1,2442.002,980.878,50.11
cn55,cn55_0077,1,36.951,21.724,2720000,18608.1,2442.002,980.443,52.44
cn55,cn55_0078,1,47.483,21.724,2720000,18608.1,2442.002,980.878,53.56
cn55,cn55_0079,1,25.402,21.724,2720000,18608.1,2442.002,981.313,50.76
cn55,cn55_0080,1,35.057,21.724,2720000,18608.1,2442.002,981.748,52.21
cn55,cn55_0081,1,42.607,21.724,2720000,18608.1,2442.002,982.17,53.08
cn55,cn55_0082,1,43.903,21.724,2720000,18608.1,2442.002,982.579,53.21
cn55,cn55_0083,1,40.445,21.724,2720000,18608.1,2442.002,983.001,52.85
cn55,cn55_0084,1,37.799,21.724,2720000,21050.1,2442.002,983.487,52.55
cn55,cn55_0085,1,43.046,21.724,2720000,18608.1,2442.002,983.845,53.13
cn55,cn55_0086,1,49.184,21.724,2720000,21050.1,2442.002,984.331,53.72
cn55,cn55_0087,1,46.543,21.724,2720000,18608.1,2442.002,984.676,53.47
cn55,cn55_0088,1,49.034,21.724,2720000,18608.1,2442.002,985.123,53.7
cn55,cn55_0089,1,56.045,21.724,2720000,18608.1,2442.002,985.597,54.29
cn55,cn55_0090,1,48.819,21.724,2720000,18608.1,2442.002,986.044,53.68
cn55,cn55_0091,1,46.865,21.724,2720000,18608.1,2442.002,986.479,53.5
cn55,cn55_0092,1,45.14,21.724,2720000,18608.1,2442.002,986.926,53.34
cn55,cn55_0093,1,52.112,21.724,2720000,21050.1,2442.002,987.157,53.97
cn55,cn55_0094,1,38.439,21.724,2720000,18608.1,2442.002,990.814,52.62
cn55,cn55_0095,1,32.12,21.724,2720000,18608.1,2442.002,988.934,51.82
cn55,cn55_0096,1,40.957,21.724,2720000,21050.1,2442.002,988.474,52.9
cn55,cn55_0097,1,44.366,21.724,2720000,21050.1,2442.002,988.857,53.26
cn55,cn55_0098,1,39.608,21.724,2720000,21050.1,2442.002,989.331,52.75
cn55,cn55_0099,1,47.638,21.724,2720000,21050.1,2442.002,989.778,53.58
cn55,cn55_0100,1,41.626,21.724,2720000,18608.1,2442.002,990.187,52.98
cn55,cn55_0101,1,41.955,21.724,2720000,18608.1,2442.002,990.622,53.01
cn55,cn55_0102,1,38.911,21.724,2720000,18608.1,2442.002,991.031,52.68
cn55,cn55_0103,1,53.279,21.724,2720000,18608.1,2442.002,991.479,54.07
cn55,cn55_0104,1,47.849,21.724,2720000,21050.1,2442.002,991.875,53.59
cn55,cn55_0105,1,51.99,21.724,2720000,18608.1,2442.002,992.361,53.96
cn55,cn55_0106,1,37.659,21.724,2720000,21050.1,2442.002,992.77,52.53
cn55,cn55_0107,1,47.776,21.724,2720000,18608.1,2442.002,993.256,53.59
cn55,cn55_0108,1,31.249,21.724,2720000,21050.1,2442.002,993.614,51.69
cn55,cn55_0109,1,42.64,21.724,2720000,18608.1,2442.002,994.075,53.08
cn55,cn55_0110,1,52.782,21.724,2720000,18608.1,2442.002,994.509,54.03
cn55,cn55_0111,1,45.854,21.724,2720000,18608.1,2442.002,994.842,53.41
cn55,cn55_0112,1,35.699,21.724,2720000,21050.1,2442.002,995.213,52.29
cn55,cn55_0113,1,46.908,21.724,2720000,21050.1,2442.002,998.921,53.51
cn55,cn55_0114,1,50.473,21.724,2720000,18608.1,2442.002,996.965,53.83
cn55,cn55_0115,1,46.791,21.724,2720000,18608.1,2442.002,996.504,53.5
cn55,cn55_0116,1,42.309,21.724,2720000,18608.1,2442.002,997.003,53.05
cn55,cn55_0117,1,40.082,21.724,2720000,18608.1,2442.002,997.374,52.81
cn55,cn55_0118,1,32.974,21.724,2720000,21050.1,2442.002,997.834,51.94
cn55,cn55_0119,1,40.812,21.724,2720000,21050.1,2442.002,998.256,52.89
cn55,cn55_0120,1,53.004,21.724,2720000,21050.1,2442.002,998.665,54.05
cn55,cn55_0121,1,33.15,21.724,2720000,18608.1,2442.002,999.087,51.96
cn55,cn55_0122,1,40.943,21.724,2720000,18608.1,2442.002,999.497,52.9
cn55,cn55_0123,1,34.068,21.724,2720000,21050.1,2442.002,999.919,52.08
cn55,cn55_0124,1,41.795,21.724,2720000,21050.1,2442.002,1000.315,52.99
cn55,cn55_0125,1,43.436,21.724,2720000,21050.1,2442.002,1000.814,53.17
cn55,cn55_0126,1,43.921,21.724,2720000,21050.1,2442.002,1001.21,53.21
cn55,cn55_0127,1,47.803,21.724,2720000,18608.1,2442.002,1001.658,53.59
cn55,cn55_0128,1,41.374,21.724,2720000,18608.1,2442.002,1002.08,52.95
cn55,cn55_0129,1,30.714,21.724,2720000,21050.1,2442.002,1002.502,51.62
cn55,cn55_0130,1,39.835,21.724,2720000,18608.1,2442.002,1002.834,52.78
cn55,cn55_0131,1,43.469,21.724,2720000,18608.1,2442.002,1003.218,53.17
cn55,cn55_0132,1,43.083,21.724,2720000,18608.1,2442.002,1006.875,53.13
cn55,cn55_0133,1,49.387,21.724,2720000,21050.1,2442.002,1004.957,53.74
cn55,cn55_0134,1,46.216,21.724,2720000,21050.1,2442.002,1004.548,53.44
cn55,cn55_0135,1,44.996,21.724,2720000,18608.1,2442.002,1004.995,53.32
cn55,cn55_0136,1,66.321,21.724,2720000,18608.1,2442.002,1005.417,55.04
cn55,cn55_0137,1,43.196,21.724,2720000,21050.1,2442.002,1005.788,53.14
cn55,cn55_0138,1,44.079,21.724,2720000,18608.1,2442.002,1006.261,53.23
cn55,cn55_0139,1,46.167,21.724,2720000,21050.1,2442.002,1006.696,53.44
cn55,cn55_0140,1,60.458,21.724,2720000,18608.1,2442.002,1007.169,54.63
cn55,cn55_0141,1,28.375,21.724,2720000,18608.1,2442.002,1007.553,51.26
cn55,cn55_0142,1,45.742,21.724,2720000,18608.1,2442.002,1008.0,53.39
cn55,cn55_0143,1,45.381,21.724,2720000,18608.1,2442.002,1008.435,53.36
cn55,cn55_0144,1,53.509,21.724,2720000,18608.1,2442.002,1008.831,54.09
cn55,cn55_0145,1,40.2,21.724,2720000,18608.1,2442.002,1009.228,52.82
cn55,cn55_0146,1,47.982,21.724,2720000,18608.1,2442.002,1009.727,53.61
cn55,cn55_0147,1,43.179,21.724,2720000,21050.1,2442.002,1010.161,53.14
cn55,cn55_0148,1,52.195,21.724,2720000,18608.1,2442.002,1010.571,53.98
cn55,cn55_0149,1,39.239,21.724,2720000,18608.1,2442.002,1010.852,52.71
cn55,cn55_0150,1,34.024,21.724,2720000,18608.1,2442.002,1011.325,52.08
cn55,cn55_0151,1,37.983,21.724,2720000,21050.1,2442.002,1015.008,52.57
cn55,cn55_0152,1,42.23,21.724,2720000,21050.1,2442.002,1013.026,53.04
cn55,cn55_0153,1,47.33,21.724,2720000,18608.1,2442.002,1012.565,53.55
cn55,cn55_0154,1,43.288,21.724,2720000,18608.1,2442.002,1013.039,53.15
cn55,cn55_0155,1,45.856,21.724,2720000,21050.1,2442.002,1013.473,53.41
cn55,cn55_0156,1,45.674,21.724,2720000,18608.1,2442.002,1013.87,53.39
cn55,cn55_0157,1,43.013,21.724,2720000,18608.1,2442.002,1014.304,53.12
cn55,cn55_0158,1,44.87,21.724,2720000,18608.1,2442.002,1014.663,53.31
cn55,cn55_0159,1,29.275,21.724,2720000,18608.1,2442.002,1015.161,51.4
cn55,cn55_0160,1,32.775,21.724,2720000,18608.1,2442.002,1015.622,51.91
cn55,cn55_0161,1,44.804,21.724,2720000,18608.1,2442.002,1016.005,53.3
cn55,cn55_0162,1,55.092,21.724,2720000,18608.1,2442.002,1016.466,54.22
cn55,cn55_0163,1,47.843,21.724,2720000,18608.1,2442.002,1016.875,53.59
cn55,cn55_0164,1,45.822,21.724,2720000,21050.1,2442.002,1017.335,53.4
cn55,cn55_0165,1,65.08,21.724,2720000,21050.1,2442.002,1017.744,54.95
cn55,cn55_0166,1,50.934,21.724,2720000,21050.1,2442.002,1018.192,53.87
cn55,cn55_0167,1,40.715,21.724,2720000,18608.1,2442.002,1018.627,52.88
cn55,cn55_0168,1,46.389,21.724,2720000,18608.1,2442.002,1018.895,53.46
cn55,cn55_0169,1,41.002,21.724,2720000,21050.1,2442.002,1019.33,52.91
cn55,cn55_0170,1,54.799,21.724,2720000,21050.1,2442.002,1022.949,54.2
cn55,cn55_0171,1,44.218,21.724,2720000,18608.1,2442.002,1020.992,53.24
cn55,cn55_0172,1,45.844,21.724,2720000,18608.1,2442.002,1020.634,53.4
cn55,cn55_0173,1,49.042,21.724,2720000,18608.1,2442.002,1021.031,53.7
cn55,cn55_0174,1,31.018,21.724,2720000,18608.1,2442.002,1021.466,51.66
cn55,cn55_0175,1,38.066,21.724,2720000,21050.1,2442.002,1021.887,52.58
cn55,cn55_0176,1,43.313,21.724,2720000,18608.1,2442.002,1022.335,53.15
cn55,cn55_0177,1,34.734,21.724,2720000,18608.1,2442.002,1022.795,52.17
cn55,cn55_0178,1,49.279,21.724,2720000,18608.1,2442.002,0.205,53.73
cn55,cn55_0179,1,50.544,21.724,2720000,18608.1,2442.002,0.563,53.84
cn55,cn55_0180,1,41.172,21.724,2720000,18608.1,2442.002,1.061,52.93
cn55,cn55_0181,1,39.403,21.724,2720000,21050.1,2442.002,1.496,52.73
cn55,cn55_0182,1,41.145,21.724,2720000,18608.1,2442.002,1.944,52.92
cn55,cn55_0183,1,51.451,21.724,2720000,18608.1,2442.002,2.327,53.92
cn55,cn55_0184,1,43.313,21.724,2720000,21050.1,2442.002,2.749,53.15
cn55,cn55_0185,1,51.4,21.724,2720000,18608.1,2442.002,3.197,53.91
cn55,cn55_0186,1,44.869,21.724,2720000,18608.1,2442.002,3.632,53.31
cn55,cn55_0187,1,60.298,21.724,2720000,18608.1,2442.002,3.951,54.62
cn55,cn55_0188,1,40.041,21.724,2720000,18608.1,2442.002,4.361,52.8
cn55,cn55_0189,1,47.022,21.724,2720000,21050.1,2442.002,7.979,53.52
cn55,cn55_0190,1,45.166,21.724,2720000,21050.1,2442.002,6.112,53.34
cn55,cn55_0191,1,50.665,21.724,2720000,18608.1,2442.002,5.639,53.85
cn55,cn55_0192,1,39.749,21.724,2720000,18608.1,2442.002,6.087,52.77
cn55,cn55_0193,1,33.507,21.724,2720000,21050.1,2442.002,6.522,52.01
cn55,cn55_0194,1,66.187,21.724,2720000,21050.1,2442.002,6.918,55.03
cn55,cn55_0195,1,55.062,21.724,2720000,18608.1,2442.002,7.353,54.22
cn55,cn55_0196,1,54.724,21.724,2720000,18608.1,2442.002,7.813,54.19
cn55,cn55_0197,1,51.474,21.724,2720000,21050.1,2442.002,8.248,53.92
cn55,cn55_0198,1,57.934,21.724,2720000,18608.1,2442.002,8.632,54.44
cn55,cn55_0199,1,48.307,21.724,2720000,18608.1,2442.002,9.092,53.64
b1,b1_0000,1,105.428,21.724,2720000,18608.1,2442.002,310.826,57.08
b1,b1_0001,1,107.15,21.724,2720000,18608.1,2442.002,299.534,57.15
b1,b1_0002,1,111.896,21.724,2720000,18608.1,2442.002,299.112,57.34
b1,b1_0003,1,114.078,21.724,2720000,18608.1,2442.002,299.522,57.42
b1,b1_0004,1,111.497,21.724,2720000,18608.1,2442.002,299.931,57.32
b1,b1_0005,1,97.252,21.724,2720000,18608.1,2442.002,300.353,56.72
b1,b1_0006,1,126.336,21.724,2720000,18608.1,2442.002,300.775,57.87
b1,b1_0007,1,106.182,21.724,2720000,18608.1,2442.002,301.197,57.11
b1,b1_0008,1,95.21,21.724,2720000,18608.1,2442.002,311.964,56.63
b1,b1_0009,1,102.602,21.724,2720000,18608.1,2442.002,306.043,56.96
b1,b1_0010,1,114.36,21.724,2720000,18608.1,2442.002,302.463,57.43
b1,b1_0011,1,97.245,21.724,2720000,18608.1,2442.002,302.898,56.72
b1,b1_0012,1,113.754,21.724,2720000,18608.1,2442.002,303.307,57.41
b1,b1_0013,1,117.419,21.724,2720000,18608.1,2442.002,303.741,57.55
b1,b1_0014,1,98.998,21.724,2720000,18608.1,2442.002,304.125,56.8
b1,b1_0015,1,107.927,21.724,2720000,18608.1,2442.002,304.56,57.18
b1,b1_0016,1,103.494,21.724,2720000,18608.1,2442.002,304.995,56.99
b1,b1_0017,1,107.92,21.724,2720000,18608.1,2442.002,305.417,57.18
b1,b1_0018,1,115.314,21.724,2720000,18608.1,2442.002,305.851,57.47
b1,b1_0019,1,102.092,21.724,2720000,18608.1,2442.002,306.146,56.93
cn52,cn52_0000,1,27.824,21.724,2720000,18608.1,2442.002,933.206,51.17
cn52,cn52_0001,0,19.088,21.724,2720000,23492.1,2442.002,923.194,49.46
cn52,cn52_0002,1,32.016,21.724,2720000,18608.1,2442.002,922.733,51.8
cn52,cn52_0003,1,46.31,21.724,2720000,18608.1,2442.002,923.219,53.45
cn52,cn52_0004,1,26.428,21.724,2720000,18608.1,2442.002,923.603,50.94
cn52,cn52_0005,1,26.311,21.724,2720000,21050.1,2442.002,934.37,50.92
cn52,cn52_0006,1,33.777,21.724,2720000,18608.1,2442.002,928.462,52.04
cn52,cn52_0007,1,28.384,21.724,2720000,21050.1,2442.002,924.83,51.26
cn52,cn52_0008,0,12.659,21.724,2720000,38144.1,2442.002,296.517,47.55
cn52,cn52_0009,1,26.999,21.724,2720000,18608.1,2442.002,925.572,51.04
cn52,cn52_0010,1,22.893,21.724,2720000,21050.1,2442.002,925.981,50.29
cn52,cn52_0011,1,22.718,21.724,2720000,18608.1,2442.002,926.403,50.26
cn52,cn52_0012,0,19.123,21.724,2720000,18608.1,2442.002,926.94,49.47
cn52,cn52_0013,0,21.463,21.724,2720000,18608.1,2442.002,927.234,50.0
cn52,cn52_0014,1,22.625,21.724,2720000,21050.1,2442.002,927.644,50.24
cn52,cn52_0015,0,21.612,21.724,2720000,18608.1,2442.002,928.117,50.03
cn52,cn52_0016,0,18.103,21.724,2720000,21050.1,2442.002,928.564,49.22
cn52,cn52_0017,1,23.42,21.724,2720000,18608.1,2442.002,928.948,50.39
cn52,cn52_0018,1,22.864,21.724,2720000,21050.1,2442.002,929.357,50.28
cn52,cn52_0019,1,33.46,21.724,2720000,18608.1,2442.002,929.83,52.0
cn52,cn52_0020,1,29.23,21.724,2720000,18608.1,2442.002,930.265,51.39
cn52,cn52_0021,1,32.074,21.724,2720000,18608.1,2442.002,930.687,51.81
cn52,cn52_0022,1,22.643,21.724,2720000,21050.1,2442.002,930.981,50.24
cn52,cn52_0023,1,24.371,21.724,2720000,18608.1,2442.002,931.39,50.57
cn52,cn52_0024,1,31.031,21.724,2720000,18608.1,2442.002,935.086,51.66
cn52,cn52_0025,1,33.027,21.724,2720000,18608.1,2442.002,933.155,51.94
cn52,cn52_0026,0,17.887,21.724,2720000,18608.1,2442.002,932.759,49.16
cn52,cn52_0027,1,30.881,21.724,2720000,18608.1,2442.002,933.04,51.64
cn52,cn52_0028,1,33.38,21.724,2720000,18608.1,2442.002,933.436,51.99
cn52,cn52_0029,1,35.152,21.724,2720000,18608.1,2442.002,933.897,52.22
cn52,cn52_0030,1,22.069,21.724,2720000,18608.1,2442.002,934.319,50.12
cn52,cn52_0031,1,34.997,21.724,2720000,18608.1,2442.002,934.728,52.2
cn52,cn52_0032,1,30.4,21.724,2720000,18608.1,2442.002,935.112,51.57
cn52,cn52_0033,1,32.726,21.724,2720000,18608.1,2442.002,935.559,51.9
cn52,cn52_0034,1,31.547,21.724,2720000,21050.1,2442.002,936.007,51.74
cn52,cn52_0035,0,18.157,21.724,2720000,18608.1,2442.002,936.403,49.23
cn52,cn52_0036,1,25.487,21.724,2720000,18608.1,2442.002,936.863,50.78
cn52,cn52_0037,1,34.44,21.724,2720000,18608.1,2442.002,937.26,52.13
cn52,cn52_0038,1,30.15,21.724,2720000,18608.1,2442.002,937.695,51.53
cn52,cn52_0039,1,25.163,21.724,2720000,18608.1,2442.002,938.104,50.72
cn52,cn52_0040,0,17.6,21.724,2720000,18608.1,2442.002,938.487,49.09
cn52,cn52_0041,1,37.295,21.724,2720000,18608.1,2442.002,938.973,52.49
cn52,cn52_0042,1,33.796,21.724,2720000,18608.1,2442.002,939.37,52.05
cn52,cn52_0043,1,28.118,21.724,2720000,18608.1,2442.002,942.989,51.22
cn52,cn52_0044,0,19.301,21.724,2720000,23492.1,2442.002,941.07,49.51
cn52,cn52_0045,1,33.754,21.724,2720000,18608.1,2442.002,940.7,52.04
cn52,cn52_0046,1,27.972,21.724,2720000,18608.1,2442.002,940.955,51.2
cn52,cn52_0047,1,28.301,21.724,2720000,18608.1,2442.002,941.377,51.25
cn52,cn52_0048,1,22.185,21.724,2720000,18608.1,2442.002,941.799,50.15
cn52,cn52_0049,1,25.009,21.724,2720000,18608.1,2442.002,942.285,50.69
cn52,cn52_0050,0,12.311,21.724,2720000,8840.0,2442.002,55.83,47.42
cn52,cn52_0051,1,28.596,21.724,2720000,18608.1,2442.002,942.989,51.3
cn52,cn52_0052,1,27.881,21.724,2720000,18608.1,2442.002,943.449,51.18
cn52,cn52_0053,1,28.439,21.724,2720000,18608.1,2442.002,943.922,51.27
cn52,cn52_0054,1,33.705,21.724,2720000,18608.1,2442.002,944.395,52.03
cn52,cn52_0055,1,23.003,21.724,2720000,18608.1,2442.002,944.804,50.31
cn52,cn52_0056,1,25.795,21.724,2720000,18608.1,2442.002,945.201,50.83
cn52,cn52_0057,1,22.937,21.724,2720000,18608.1,2442.002,945.61,50.3
cn52,cn52_0058,1,37.317,21.724,2720000,18608.1,2442.002,946.045,52.49
cn52,cn52_0059,1,29.001,21.724,2720000,18608.1,2442.002,946.454,51.36
cn52,cn52_0060,1,36.624,21.724,2720000,18608.1,2442.002,946.85,52.41
cn52,cn52_0061,0,16.699,21.724,2720000,18608.1,2442.002,950.52,48.85
cn52,cn52_0062,0,15.164,21.724,2720000,18608.1,2442.002,948.526,48.4
cn52,cn52_0063,1,27.268,21.724,2720000,18608.1,2442.002,948.142,51.08
cn52,cn52_0064,0,18.547,21.724,2720000,18608.1,2442.002,948.526,49.33
cn52,cn52_0065,1,29.355,21.724,2720000,21050.1,2442.002,948.82,51.41
cn52,cn52_0066,1,23.864,21.724,2720000,18608.1,2442.002,949.254,50.48
cn52,cn52_0067,0,20.281,21.724,2720000,18608.1,2442.002,949.651,49.74
cn52,cn52_0068,1,28.004,21.724,2720000,18608.1,2442.002,950.124,51.2
cn52,cn52_0069,0,18.608,21.724,2720000,21050.1,2442.002,950.559,49.34
cn52,cn52_0070,1,24.436,21.724,2720000,18608.1,2442.002,950.904,50.59
cn52,cn52_0071,0,20.189,21.724,2720000,18608.1,2442.002,951.416,49.72
cn52,cn52_0072,1,21.727,21.724,2720000,18608.1,2442.002,951.825,50.05
cn52,cn52_0073,0,19.09,21.724,2720000,18608.1,2442.002,952.208,49.46
cn52,cn52_0074,0,20.35,21.724,2720000,18608.1,2442.002,952.643,49.75
cn52,cn52_0075,1,27.012,21.724,2720000,21050.1,2442.002,953.091,51.04
cn52,cn52_0076,1,27.495,21.724,2720000,18608.1,2442.002,953.538,51.12
cn52,cn52_0077,0,21.393,21.724,2720000,18608.1,2442.002,953.96,49.98
cn52,cn52_0078,0,16.639,21.724,2720000,18608.1,2442.002,954.293,48.83
cn52,cn52_0079,0,18.285,21.724,2720000,18608.1,2442.002,954.791,49.26
cn52,cn52_0080,1,37.647,21.724,2720000,21050.1,2442.002,958.372,52.53
cn52,cn52_0081,1,32.791,21.724,2720000,18608.1,2442.002,956.492,51.91
cn52,cn52_0082,1,33.225,21.724,2720000,18608.1,2442.002,956.07,51.97
cn52,cn52_0083,1,22.176,21.724,2720000,21050.1,2442.002,956.479,50.15
cn52,cn52_0084,0,19.887,21.724,2720000,18608.1,2442.002,956.735,49.65
cn52,cn52_0085,1,26.191,21.724,2720000,18608.1,2442.002,957.17,50.9
cn52,cn52_0086,1,22.746,21.724,2720000,18608.1,2442.002,957.541,50.26
cn52,cn52_0087,1,29.576,21.724,2720000,18608.1,2442.002,958.001,51.45
cn52,cn52_0088,1,31.976,21.724,2720000,18608.1,2442.002,958.474,51.8
cn52,cn52_0089,1,23.949,21.724,2720000,21050.1,2442.002,958.883,50.5
cn52,cn52_0090,1,26.715,21.724,2720000,21050.1,2442.002,959.344,50.99
cn52,cn52_0091,1,23.358,21.724,2720000,18608.1,2442.002,959.727,50.38
cn52,cn52_0092,1,23.669,21.724,2720000,18608.1,2442.002,960.124,50.44
cn52,cn52_0093,1,24.89,21.724,2720000,18608.1,2442.002,960.571,50.67
cn52,cn52_0094,1,30.402,21.724,2720000,18608.1,2442.002,961.006,51.57
cn52,cn52_0095,1,27.082,21.724,2720000,18608.1,2442.002,961.339,51.05
cn52,cn52_0096,1,25.871,21.724,2720000,18608.1,2442.002,961.825,50.84
cn52,cn52_0097,1,26.105,21.724,2720000,18608.1,2442.002,962.221,50.89
cn52,cn52_0098,1,25.883,21.724,2720000,21050.1,2442.002,962.694,50.85
cn52,cn52_0099,1,38.353,21.724,2720000,18608.1,2442.002,966.3,52.61
cn52,cn52_0100,1,23.881,21.724,2720000,18608.1,2442.002,964.433,50.48
cn52,cn52_0101,1,27.985,21.724,2720000,21050.1,2442.002,963.947,51.2
cn52,cn52_0102,0,19.7,21.724,2720000,18608.1,2442.002,964.42,49.61
cn52,cn52_0103,1,34.45,21.724,2720000,18608.1,2442.002,964.689,52.13
cn52,cn52_0104,1,26.329,21.724,2720000,18608.1,2442.002,965.098,50.92
cn52,cn52_0105,1,29.519,21.724,2720000,18608.1,2442.002,965.559,51.44
cn52,cn52_0106,1,31.714,21.724,2720000,18608.1,2442.002,965.942,51.76
cn52,cn52_0107,0,18.55,21.724,2720000,18608.1,2442.002,966.415,49.33
cn52,cn52_0108,0,19.658,21.724,2720000,18608.1,2442.002,966.888,49.6
cn52,cn52_0109,1,23.373,21.724,2720000,18608.1,2442.002,967.195,50.38
cn52,cn52_0110,1,32.494,21.724,2720000,18608.1,2442.002,967.668,51.87
cn52,cn52_0111,0,19.764,21.724,2720000,18608.1,2442.002,968.167,49.62
cn52,cn52_0112,0,21.001,21.724,2720000,18608.1,2442.002,968.5,49.9
cn52,cn52_0113,1,22.252,21.724,2720000,18608.1,2442.002,968.922,50.16
cn52,cn52_0114,1,37.039,21.724,2720000,18608.1,2442.002,969.318,52.46
cn52,cn52_0115,1,26.265,21.724,2720000,18608.1,2442.002,969.676,50.91
cn52,cn52_0116,0,18.705,21.724,2720000,18608.1,2442.002,970.226,49.37
cn52,cn52_0117,0,15.69,21.724,2720000,18608.1,2442.002,970.635,48.56
cn52,cn52_0118,0,19.389,21.724,2720000,18608.1,2442.002,974.165,49.53
cn52,cn52_0119,0,21.168,21.724,2720000,18608.1,2442.002,972.323,49.93
cn52,cn52_0120,1,28.769,21.724,2720000,18608.1,2442.002,971.888,51.32
cn52,cn52_0121,1,27.257,21.724,2720000,18608.1,2442.002,972.323,51.08
cn52,cn52_0122,1,31.134,21.724,2720000,21050.1,2442.002,972.63,51.68
cn52,cn52_0123,1,21.978,21.724,2720000,21050.1,2442.002,973.116,50.11
cn52,cn52_0124,0,20.58,21.724,2720000,21050.1,2442.002,973.436,49.81
cn52,cn52_0125,1,29.831,21.724,2720000,18608.1,2442.002,973.883,51.49
cn52,cn52_0126,1,24.405,21.724,2720000,21050.1,2442.002,974.241,50.58
cn52,cn52_0127,1,21.879,21.724,2720000,18608.1,2442.002,974.714,50.08
cn52,cn52_0128,1,23.946,21.724,2720000,21050.1,2442.002,975.162,50.49
cn52,cn52_0129,0,20.841,21.724,2720000,18608.1,2442.002,975.597,49.86
cn52,cn52_0130,1,27.397,21.724,2720000,18608.1,2442.002,976.032,51.1
cn52,cn52_0131,1,29.478,21.724,2720000,18608.1,2442.002,976.39,51.43
cn52,cn52_0132,1,29.69,21.724,2720000,18608.1,2442.002,976.901,51.47
cn52,cn52_0133,0,20.091,21.724,2720000,18608.1,2442.002,977.349,49.7
cn52,cn52_0134,1,33.159,21.724,2720000,18608.1,2442.002,977.719,51.96
cn52,cn52_0135,1,28.793,21.724,2720000,21050.1,2442.002,978.167,51.33
cn52,cn52_0136,1,24.572,21.724,2720000,21050.1,2442.002,978.602,50.61
cn52,cn52_0137,1,24.373,21.724,2720000,18608.1,2442.002,982.195,50.57
cn52,cn52_0138,1,39.182,21.724,2720000,18608.1,2442.002,980.239,52.71
cn52,cn52_0139,0,20.591,21.724,2720000,18608.1,2442.002,979.855,49.81
cn52,cn52_0140,1,26.93,21.724,2720000,18608.1,2442.002,980.2,51.03
cn52,cn52_0141,1,37.226,21.724,2720000,18608.1,2442.002,980.584,52.48
cn52,cn52_0142,1,37.645,21.724,2720000,21050.1,2442.002,981.044,52.53
cn52,cn52_0143,1,28.911,21.724,2720000,18608.1,2442.002,981.466,51.35
cn52,cn52_0144,1,35.269,21.724,2720000,21050.1,2442.002,981.863,52.24
cn52,cn52_0145,1,29.362,21.724,2720000,18608.1,2442.002,982.285,51.42
cn52,cn52_0146,1,35.046,21.724,2720000,18608.1,2442.002,982.707,52.21
cn52,cn52_0147,1,30.555,21.724,2720000,18608.1,2442.002,983.167,51.59
cn52,cn52_0148,0,21.005,21.724,2720000,21050.1,2442.002,983.512,49.9
cn52,cn52_0149,0,20.757,21.724,2720000,18608.1,2442.002,983.998,49.84
cn52,cn52_0150,1,30.374,21.724,2720000,18608.1,2442.002,984.433,51.57
cn52,cn52_0151,1,23.595,21.724,2720000,18608.1,2442.002,984.855,50.43
cn52,cn52_0152,1,24.803,21.724,2720000,18608.1,2442.002,985.264,50.65
cn52,cn52_0153,0,15.236,21.724,2720000,18608.1,2442.002,985.648,48.42
cn52,cn52_0154,1,39.578,21.724,2720000,18608.1,2442.002,986.044,52.75
cn52,cn52_0155,1,35.607,21.724,2720000,18608.1,2442.002,986.492,52.28
cn52,cn52_0156,1,25.003,21.724,2720000,18608.1,2442.002,990.136,50.69
cn52,cn52_0157,0,13.057,21.724,2720000,-8254.0,2442.002,887.043,47.7
cn52,cn52_0158,1,28.038,21.724,2720000,18608.1,2442.002,987.898,51.21
cn52,cn52_0159,1,27.333,21.724,2720000,18608.1,2442.002,988.128,51.09
cn52,cn52_0160,1,23.571,21.724,2720000,18608.1,2442.002,988.627,50.42
cn52,cn52_0161,1,25.495,21.724,2720000,18608.1,2442.002,988.934,50.78
cn52,cn52_0162,1,24.114,21.724,2720000,18608.1,2442.002,989.267,50.53
cn52,cn52_0163,1,29.413,21.724,2720000,18608.1,2442.002,989.778,51.42
cn52,cn52_0164,1,35.223,21.724,2720000,18608.1,2442.002,990.2,52.23
cn52,cn52_0165,1,38.492,21.724,2720000,21050.1,2442.002,990.66,52.63
cn52,cn52_0166,1,32.889,21.724,2720000,18608.1,2442.002,991.031,51.92
cn52,cn52_0167,1,31.913,21.724,2720000,18608.1,2442.002,991.53,51.79
cn52,cn52_0168,1,27.804,21.724,2720000,21050.1,2442.002,991.965,51.17
cn52,cn52_0169,0,18.303,21.724,2720000,18608.1,2442.002,992.348,49.27
cn52,cn52_0170,1,27.135,21.724,2720000,21050.1,2442.002,992.617,51.06
cn52,cn52_0171,1,23.875,21.724,2720000,21050.1,2442.002,993.243,50.48
cn52,cn52_0172,0,17.378,21.724,2720000,18608.1,2442.002,993.614,49.03
cn52,cn52_0173,0,19.256,21.724,2720000,21050.1,2442.002,994.036,49.5
cn52,cn52_0174,1,31.275,21.724,2720000,18608.1,2442.002,997.681,51.7
cn52,cn52_0175,1,35.913,21.724,2720000,18608.1,2442.002,995.75,52.32
cn52,cn52_0176,0,15.021,21.724,2720000,18608.1,2442.002,995.328,48.36
cn52,cn52_0177,0,18.686,21.724,2720000,21050.1,2442.002,995.788,49.36
cn52,cn52_0178,0,21.053,21.724,2720000,18608.1,2442.002,996.031,49.91
cn52,cn52_0179,1,22.675,21.724,2720000,18608.1,2442.002,996.492,50.25
cn52,cn52_0180,0,21.269,21.724,2720000,18608.1,2442.002,996.875,49.96
cn52,cn52_0181,1,22.128,21.724,2720000,18608.1,2442.002,997.361,50.14
cn52,cn52_0182,1,31.187,21.724,2720000,18608.1,2442.002,997.706,51.69
cn52,cn52_0183,1,35.705,21.724,2720000,18608.1,2442.002,998.128,52.29
cn52,cn52_0184,0,17.096,21.724,2720000,18608.1,2442.002,998.563,48.95
cn52,cn52_0185,1,23.594,21.724,2720000,21050.1,2442.002,999.049,50.43
cn52,cn52_0186,1,21.894,21.724,2720000,18608.1,2442.002,999.433,50.09
cn52,cn52_0187,0,20.229,21.724,2720000,18608.1,2442.002,999.88,49.73
cn52,cn52_0188,0,20.672,21.724,2720000,21050.1,2442.002,1000.251,49.83
cn52,cn52_0189,1,22.051,21.724,2720000,18608.1,2442.002,1000.711,50.12
cn52,cn52_0190,1,23.072,21.724,2720000,21050.1,2442.002,1001.185,50.33
cn52,cn52_0191,0,18.144,21.724,2720000,18608.1,2442.002,1001.504,49.23
cn52,cn52_0192,0,18.783,21.724,2720000,18608.1,2442.002,1002.029,49.39
cn52,cn52_0193,1,38.599,21.724,2720000,18608.1,2442.002,1005.571,52.64
cn52,cn52_0194,1,27.134,21.724,2720000,18608.1,2442.002,1003.716,51.06
cn52,cn52_0195,1,39.834,21.724,2720000,18608.1,2442.002,1003.282,52.78
cn52,cn52_0196,1,21.843,21.724,2720000,18608.1,2442.002,1003.665,50.08
cn52,cn52_0197,1,26.988,21.724,2720000,18608.1,2442.002,1003.972,51.04
cn52,cn52_0198,1,31.836,21.724,2720000,18608.1,2442.002,1004.433,51.78
cn52,cn52_0199,1,26.4,21.724,2720000,18608.1,2442.002,1004.893,50.94
b2,b2_0000,1,99.69,21.724,2720000,18608.1,2442.002,243.768,56.83
b2,b2_0001,1,101.955,21.724,2720000,18608.1,2442.002,233.679,56.93
b2,b2_0002,1,110.596,21.724,2720000,18608.1,2442.002,233.244,57.29
b2,b2_0003,1,123.629,21.724,2720000,18608.1,2442.002,233.666,57.77
b2,b2_0004,1,101.409,21.724,2720000,18608.1,2442.002,234.088,56.91
b2,b2_0005,1,102.072,21.724,2720000,18608.1,2442.002,244.829,56.93
b2,b2_0006,1,120.754,21.724,2720000,18608.1,2442.002,238.96,57.67
b2,b2_0007,1,105.06,21.724,2720000,18608.1,2442.002,235.341,57.06
b2,b2_0008,1,109.132,21.724,2720000,18608.1,2442.002,235.75,57.23
b2,b2_0009,1,111.095,21.724,2720000,18608.1,2442.002,236.172,57.31
b2,b2_0010,1,120.388,21.724,2720000,18608.1,2442.002,236.607,57.66
b2,b2_0011,1,104.45,21.724,2720000,18608.1,2442.002,237.042,57.04
b2,b2_0012,1,124.553,21.724,2720000,18608.1,2442.002,237.438,57.81
b2,b2_0013,1,88.65,21.724,2720000,18608.1,2442.002,237.86,56.32
b2,b2_0014,1,103.047,21.724,2720000,18608.1,2442.002,238.244,56.98
b2,b2_0015,1,112.463,21.724,2720000,18608.1,2442.002,238.704,57.36
b2,b2_0016,1,106.982,21.724,2720000,18608.1,2442.002,239.126,57.14
b2,b2_0017,1,106.233,21.724,2720000,18608.1,2442.002,239.42,57.11
b2,b2_0018,1,103.444,21.724,2720000,18608.1,2442.002,239.817,56.99
b2,b2_0019,1,106.796,21.724,2720000,18608.1,2442.002,240.239,57.13
cn50,cn50_0000,0,17.256,21.724,2720000,18608.1,2442.002,754.092,49.0
cn50,cn50_0001,0,14.068,21.724,2720000,18608.1,2442.002,742.775,48.05
cn50,cn50_0002,0,14.904,21.724,2720000,1514.0,2442.002,977.285,48.32
cn50,cn50_0003,0,19.45,21.724,2720000,18608.1,2442.002,742.762,49.55
cn50,cn50_0004,1,40.922,21.724,2720000,18608.1,2442.002,743.146,52.9
cn50,cn50_0005,1,24.211,21.724,2720000,18608.1,2442.002,743.542,50.54
cn50,cn50_0006,1,24.531,21.724,2720000,18608.1,2442.002,743.977,50.6
cn50,cn50_0007,0,17.607,21.724,2720000,18608.1,2442.002,744.386,49.09
cn50,cn50_0008,0,14.72,21.724,2720000,18608.1,2442.002,744.68,48.26
cn50,cn50_0009,0,19.485,21.724,2720000,18608.1,2442.002,745.076,49.56
cn50,cn50_0010,0,20.703,21.724,2720000,18608.1,2442.002,745.524,49.83
cn50,cn50_0011,0,13.764,21.724,2720000,-928.0,2442.002,351.912,47.95
cn50,cn50_0012,0,18.524,21.724,2720000,18608.1,2442.002,746.355,49.32
cn50,cn50_0013,0,20.944,21.724,2720000,18608.1,2442.002,746.841,49.89
cn50,cn50_0014,0,18.977,21.724,2720000,18608.1,2442.002,747.25,49.43
cn50,cn50_0015,0,18.653,21.724,2720000,21050.1,2442.002,747.634,49.36
cn50,cn50_0016,1,26.783,21.724,2720000,18608.1,2442.002,748.082,51.0
cn50,cn50_0017,0,12.403,21.724,2720000,-20464.0,2442.002,59.513,47.46
cn50,cn50_0018,0,12.515,21.724,2720000,18608.1,2442.002,752.89,47.5
cn50,cn50_0019,0,16.485,21.724,2720000,25934.1,2442.002,11.227,48.79
cn50,cn50_0020,0,15.349,21.724,2720000,21050.1,2442.002,749.808,48.46
cn50,cn50_0021,0,17.721,21.724,2720000,18608.1,2442.002,750.166,49.12
cn50,cn50_0022,0,19.202,21.724,2720000,18608.1,2442.002,750.575,49.49
cn50,cn50_0023,0,19.846,21.724,2720000,18608.1,2442.002,751.074,49.64
cn50,cn50_0024,0,14.158,21.724,2720000,18608.1,2442.002,751.432,48.08
cn50,cn50_0025,1,26.165,21.724,2720000,18608.1,2442.002,751.841,50.9
cn50,cn50_0026,1,26.689,21.724,2720000,18608.1,2442.002,752.199,50.99
cn50,cn50_0027,0,17.148,21.724,2720000,18608.1,2442.002,752.557,48.97
cn50,cn50_0028,0,19.032,21.724,2720000,21050.1,2442.002,752.954,49.45
cn50,cn50_0029,0,21.046,21.724,2720000,18608.1,2442.002,753.388,49.91
cn50,cn50_0030,0,16.522,21.724,2720000,18608.1,2442.002,753.798,48.8
cn50,cn50_0031,0,14.646,21.724,2720000,18608.1,2442.002,754.22,48.24
cn50,cn50_0032,0,21.015,21.724,2720000,21050.1,2442.002,754.693,49.9
cn50,cn50_0033,0,19.976,21.724,2720000,18608.1,2442.002,754.987,49.67
cn50,cn50_0034,0,14.416,21.724,2720000,18608.1,2442.002,755.537,48.16
cn50,cn50_0035,0,19.562,21.724,2720000,18608.1,2442.002,755.971,49.57
cn50,cn50_0036,0,13.304,21.724,2720000,-22906.0,2442.002,685.896,47.79
cn50,cn50_0037,1,27.31,21.724,2720000,18608.1,2442.002,757.659,51.09
cn50,cn50_0038,0,19.407,21.724,2720000,18608.1,2442.002,757.173,49.54
cn50,cn50_0039,0,13.638,21.724,2720000,18608.1,2442.002,757.621,47.9
cn50,cn50_0040,0,11.899,21.724,2720000,-37558.0,2442.002,370.057,47.26
cn50,cn50_0041,0,11.758,21.724,2720000,23492.1,2442.002,966.364,47.2
cn50,cn50_0042,0,13.148,21.724,2720000,18608.1,2442.002,758.861,47.73
cn50,cn50_0043,0,12.315,21.724,2720000,28376.1,2442.002,944.856,47.42
cn50,cn50_0044,0,20.728,21.724,2720000,21050.1,2442.002,759.744,49.84
cn50,cn50_0045,0,20.226,21.724,2720000,18608.1,2442.002,760.179,49.73
cn50,cn50_0046,0,13.725,21.724,2720000,-928.0,2442.002,154.959,47.93
cn50,cn50_0047,1,23.278,21.724,2720000,18608.1,2442.002,760.882,50.37
cn50,cn50_0048,1,26.792,21.724,2720000,18608.1,2442.002,761.163,51.0
cn50,cn50_0049,0,15.133,21.724,2720000,21050.1,2442.002,852.491,48.39
cn50,cn50_0050,1,24.095,21.724,2720000,18608.1,2442.002,762.122,50.52
cn50,cn50_0051,0,13.908,21.724,2720000,18608.1,2442.002,762.57,48.0
cn50,cn50_0052,0,17.324,21.724,2720000,18608.1,2442.002,763.017,49.02
cn50,cn50_0053,0,17.313,21.724,2720000,18608.1,2442.002,763.414,49.01
cn50,cn50_0054,0,15.819,21.724,2720000,21050.1,2442.002,763.669,48.6
cn50,cn50_0055,0,12.037,21.724,2720000,-32674.0,2442.002,500.618,47.32
cn50,cn50_0056,1,28.399,21.724,2720000,18608.1,2442.002,765.536,51.27
cn50,cn50_0057,0,13.095,21.724,2720000,18608.1,2442.002,765.102,47.71
cn50,cn50_0058,0,11.712,21.724,2720000,6398.0,2442.002,622.956,47.19
cn50,cn50_0059,0,17.466,21.724,2720000,18608.1,2442.002,765.997,49.05
cn50,cn50_0060,0,15.325,21.724,2720000,-20464.0,2442.002,15.025,48.45
cn50,cn50_0061,0,13.863,21.724,2720000,-10696.0,2442.002,962.541,47.98
cn50,cn50_0062,0,16.038,21.724,2720000,18608.1,2442.002,767.199,48.66
cn50,cn50_0063,0,15.329,21.724,2720000,18608.1,2442.002,767.608,48.45
cn50,cn50_0064,0,14.216,21.724,2720000,18608.1,2442.002,768.171,48.1
cn50,cn50_0065,0,14.185,21.724,2720000,18608.1,2442.002,768.363,48.09
cn50,cn50_0066,0,15.775,21.724,2720000,21050.1,2442.002,768.721,48.58
cn50,cn50_0067,1,24.593,21.724,2720000,18608.1,2442.002,769.13,50.62
cn50,cn50_0068,0,19.577,21.724,2720000,18608.1,2442.002,769.654,49.58
cn50,cn50_0069,1,26.053,21.724,2720000,18608.1,2442.002,769.974,50.88
cn50,cn50_0070,0,19.683,21.724,2720000,18608.1,2442.002,770.46,49.6
cn50,cn50_0071,0,19.462,21.724,2720000,18608.1,2442.002,770.882,49.55
cn50,cn50_0072,0,14.603,21.724,2720000,-5812.0,2442.002,317.744,48.22
cn50,cn50_0073,0,20.486,21.724,2720000,18608.1,2442.002,774.846,49.78
cn50,cn50_0074,0,16.257,21.724,2720000,21050.1,2442.002,773.03,48.72
cn50,cn50_0075,0,18.094,21.724,2720000,18608.1,2442.002,772.557,49.22
cn50,cn50_0076,0,17.906,21.724,2720000,21050.1,2442.002,773.03,49.17
cn50,cn50_0077,1,22.085,21.724,2720000,18608.1,2442.002,773.439,50.13
cn50,cn50_0078,0,15.785,21.724,2720000,18608.1,2442.002,773.797,48.59
cn50,cn50_0079,0,20.071,21.724,2720000,18608.1,2442.002,774.206,49.69
cn50,cn50_0080,0,18.92,21.724,2720000,21050.1,2442.002,774.705,49.42
cn50,cn50_0081,0,17.823,21.724,2720000,18608.1,2442.002,775.102,49.15
cn50,cn50_0082,0,16.107,21.724,2720000,18608.1,2442.002,775.511,48.68
cn50,cn50_0083,0,17.622,21.724,2720000,18608.1,2442.002,775.958,49.09
cn50,cn50_0084,0,15.878,21.724,2720000,18608.1,2442.002,776.227,48.61
cn50,cn50_0085,1,23.806,21.724,2720000,18608.1,2442.002,776.585,50.47
cn50,cn50_0086,1,25.315,21.724,2720000,18608.1,2442.002,777.096,50.75
cn50,cn50_0087,0,19.871,21.724,2720000,18608.1,2442.002,777.429,49.65
cn50,cn50_0088,1,24.121,21.724,2720000,18608.1,2442.002,777.94,50.53
cn50,cn50_0089,1,29.977,21.724,2720000,18608.1,2442.002,778.465,51.51
cn50,cn50_0090,1,24.306,21.724,2720000,18608.1,2442.002,778.695,50.56
cn50,cn50_0091,1,27.091,21.724,2720000,18608.1,2442.002,779.194,51.05
cn50,cn50_0092,0,17.025,21.724,2720000,18608.1,2442.002,782.825,48.94
cn50,cn50_0093,0,21.721,21.724,2720000,18608.1,2442.002,780.958,50.05
cn50,cn50_0094,1,23.212,21.724,2720000,18608.1,2442.002,780.421,50.35
cn50,cn50_0095,1,22.534,21.724,2720000,21050.1,2442.002,780.881,50.22
cn50,cn50_0096,0,17.385,21.724,2720000,18608.1,2442.002,781.291,49.03
cn50,cn50_0097,0,12.228,21.724,2720000,-40000.0,2442.002,357.781,47.39
cn50,cn50_0098,1,29.629,21.724,2720000,18608.1,2442.002,782.135,51.46
cn50,cn50_0099,0,14.104,21.724,2720000,33260.1,2442.002,821.981,48.06
cn50,cn50_0100,1,27.844,21.724,2720000,21050.1,2442.002,782.979,51.18
cn50,cn50_0101,0,17.27,21.724,2720000,21050.1,2442.002,783.375,49.0
cn50,cn50_0102,0,16.014,21.724,2720000,18608.1,2442.002,783.759,48.65
cn50,cn50_0103,0,18.838,21.724,2720000,18608.1,2442.002,784.053,49.4
cn50,cn50_0104,0,15.408,21.724,2720000,18608.1,2442.002,784.654,48.47
cn50,cn50_0105,1,31.677,21.724,2720000,18608.1,2442.002,784.986,51.76
cn50,cn50_0106,0,21.305,21.724,2720000,18608.1,2442.002,785.434,49.96
cn50,cn50_0107,0,18.508,21.724,2720000,18608.1,2442.002,785.907,49.32
cn50,cn50_0108,0,20.824,21.724,2720000,18608.1,2442.002,786.239,49.86
cn50,cn50_0109,0,13.128,21.724,2720000,18608.1,2442.002,353.319,47.73
cn50,cn50_0110,0,15.828,21.724,2720000,21050.1,2442.002,787.045,48.6
cn50,cn50_0111,0,18.617,21.724,2720000,18608.1,2442.002,790.753,49.35
cn50,cn50_0112,0,17.141,21.724,2720000,21050.1,2442.002,788.797,48.97
cn50,cn50_0113,0,16.801,21.724,2720000,21050.1,2442.002,788.349,48.87
cn50,cn50_0114,0,15.009,21.724,2720000,35702.1,2442.002,534.812,48.35
cn50,cn50_0115,1,25.372,21.724,2720000,18608.1,2442.002,789.168,50.76
cn50,cn50_0116,0,20.598,21.724,2720000,18608.1,2442.002,789.654,49.81
cn50,cn50_0117,0,13.847,21.724,2720000,-20464.0,2442.002,487.92,47.98
cn50,cn50_0118,0,15.388,21.724,2720000,18608.1,2442.002,790.562,48.47
cn50,cn50_0119,0,15.541,21.724,2720000,21050.1,2442.002,790.856,48.51
cn50,cn50_0120,0,21.265,21.724,2720000,21050.1,2442.002,791.303,49.96
cn50,cn50_0121,1,33.606,21.724,2720000,18608.1,2442.002,791.649,52.02
cn50,cn50_0122,0,16.54,21.724,2720000,18608.1,2442.002,792.122,48.8
cn50,cn50_0123,0,13.873,21.724,2720000,-22906.0,2442.002,181.199,47.98
cn50,cn50_0124,0,12.996,21.724,2720000,18608.1,2442.002,792.966,47.68
cn50,cn50_0125,0,14.549,21.724,2720000,21050.1,2442.002,793.311,48.21
cn50,cn50_0126,0,12.585,21.724,2720000,-35116.0,2442.002,654.464,47.53
cn50,cn50_0127,0,15.548,21.724,2720000,-13138.0,2442.002,33.759,48.52
cn50,cn50_0128,1,29.479,21.724,2720000,18608.1,2442.002,794.654,51.43
cn50,cn50_0129,0,20.638,21.724,2720000,18608.1,2442.002,795.05,49.82
cn50,cn50_0130,0,17.413,21.724,2720000,18608.1,2442.002,798.605,49.04
cn50,cn50_0131,0,14.3,21.724,2720000,18608.1,2442.002,796.687,48.13
cn50,cn50_0132,0,16.13,21.724,2720000,21050.1,2442.002,796.278,48.69
cn50,cn50_0133,0,20.484,21.724,2720000,21050.1,2442.002,796.738,49.78
cn50,cn50_0134,0,20.501,21.724,2720000,18608.1,2442.002,797.147,49.79
cn50,cn50_0135,0,16.514,21.724,2720000,21050.1,2442.002,797.633,48.79
cn50,cn50_0136,0,20.215,21.724,2720000,18608.1,2442.002,798.042,49.72
cn50,cn50_0137,0,15.543,21.724,2720000,18608.1,2442.002,798.541,48.51
cn50,cn50_0138,1,22.082,21.724,2720000,21050.1,2442.002,798.771,50.13
cn50,cn50_0139,0,20.401,21.724,2720000,18608.1,2442.002,799.321,49.77
cn50,cn50_0140,1,24.208,21.724,2720000,18608.1,2442.002,799.602,50.54
cn50,cn50_0141,0,19.829,21.724,2720000,21050.1,2442.002,800.063,49.64
cn50,cn50_0142,1,25.916,21.724,2720000,18608.1,2442.002,800.421,50.85
cn50,cn50_0143,0,12.69,21.724,2720000,25934.1,2442.002,68.017,47.57
cn50,cn50_0144,0,19.9,21.724,2720000,18608.1,2442.002,801.278,49.65
cn50,cn50_0145,0,14.068,21.724,2720000,28376.1,2442.002,474.186,48.05
cn50,cn50_0146,1,26.083,21.724,2720000,21050.1,2442.002,802.173,50.88
cn50,cn50_0147,0,20.645,21.724,2720000,21050.1,2442.002,802.71,49.82
cn50,cn50_0148,0,17.86,21.724,2720000,18608.1,2442.002,803.042,49.16
cn50,cn50_0149,0,20.031,21.724,2720000,18608.1,2442.002,806.597,49.68
cn50,cn50_0150,0,12.31,21.724,2720000,1514.0,2442.002,418.714,47.42
cn50,cn50_0151,1,23.872,21.724,2720000,18608.1,2442.002,804.244,50.48
cn50,cn50_0152,0,18.972,21.724,2720000,18608.1,2442.002,804.602,49.43
cn50,cn50_0153,0,15.922,21.724,2720000,21050.1,2442.002,805.05,48.63
cn50,cn50_0154,0,12.876,21.724,2720000,18608.1,2442.002,805.536,47.63
cn50,cn50_0155,0,13.197,21.724,2720000,38144.1,2442.002,224.318,47.75
cn50,cn50_0156,0,12.197,21.724,2720000,-22906.0,2442.002,238.807,47.38
cn50,cn50_0157,0,20.979,21.724,2720000,21050.1,2442.002,806.815,49.89
cn50,cn50_0158,0,13.625,21.724,2720000,21050.1,2442.002,807.224,47.9
cn50,cn50_0159,0,13.529,21.724,2720000,-18022.0,2442.002,514.799,47.87
cn50,cn50_0160,0,12.451,21.724,2720000,21050.1,2442.002,898.936,47.48
cn50,cn50_0161,1,23.793,21.724,2720000,21050.1,2442.002,808.311,50.47
cn50,cn50_0162,0,16.888,21.724,2720000,18608.1,2442.002,808.707,48.9
cn50,cn50_0163,1,30.319,21.724,2720000,18608.1,2442.002,809.219,51.56
cn50,cn50_0164,0,20.402,21.724,2720000,18608.1,2442.002,809.602,49.77
cn50,cn50_0165,0,20.75,21.724,2720000,18608.1,2442.002,810.037,49.84
cn50,cn50_0166,0,16.067,21.724,2720000,18608.1,2442.002,810.472,48.67
cn50,cn50_0167,0,18.748,21.724,2720000,18608.1,2442.002,810.855,49.38
cn50,cn50_0168,1,22.676,21.724,2720000,18608.1,2442.002,814.538,50.25
cn50,cn50_0169,1,22.76,21.724,2720000,18608.1,2442.002,812.748,50.26
cn50,cn50_0170,0,13.993,21.724,2720000,18608.1,2442.002,812.185,48.02
cn50,cn50_0171,0,15.599,21.724,2720000,18608.1,2442.002,812.607,48.53
cn50,cn50_0172,0,17.138,21.724,2720000,18608.1,2442.002,813.055,48.97
cn50,cn50_0173,1,22.794,21.724,2720000,18608.1,2442.002,813.375,50.27
cn50,cn50_0174,0,18.195,21.724,2720000,18608.1,2442.002,813.912,49.24
cn50,cn50_0175,1,33.89,21.724,2720000,18608.1,2442.002,814.295,52.06
cn50,cn50_0176,0,12.151,21.724,2720000,18608.1,2442.002,814.717,47.36
cn50,cn50_0177,0,20.056,21.724,2720000,21050.1,2442.002,815.19,49.69
cn50,cn50_0178,0,16.366,21.724,2720000,21050.1,2442.002,815.484,48.75
cn50,cn50_0179,0,19.82,21.724,2720000,18608.1,2442.002,815.894,49.63
cn50,cn50_0180,1,21.788,21.724,2720000,18608.1,2442.002,816.252,50.07
cn50,cn50_0181,0,21.159,21.724,2720000,18608.1,2442.002,816.84,49.93
cn50,cn50_0182,0,15.424,21.724,2720000,21050.1,2442.002,817.057,48.48
cn50,cn50_0183,1,23.592,21.724,2720000,18608.1,2442.002,817.569,50.43
cn50,cn50_0184,0,21.017,21.724,2720000,18608.1,2442.002,817.748,49.9
cn50,cn50_0185,0,19.439,21.724,2720000,18608.1,2442.002,818.374,49.55
cn50,cn50_0186,1,23.509,21.724,2720000,21050.1,2442.002,821.993,50.41
cn50,cn50_0187,1,21.731,21.724,2720000,21050.1,2442.002,820.216,50.05
cn50,cn50_0188,0,13.289,21.724,2720000,18608.1,2442.002,819.692,47.78
cn50,cn50_0189,0,16.367,21.724,2720000,21050.1,2442.002,820.139,48.75
cn50,cn50_0190,0,13.782,21.724,2720000,18608.1,2442.002,820.42,47.95
cn50,cn50_0191,1,29.877,21.724,2720000,18608.1,2442.002,821.009,51.49
cn50,cn50_0192,0,14.979,21.724,2720000,18608.1,2442.002,821.418,48.34
cn50,cn50_0193,0,19.248,21.724,2720000,18608.1,2442.002,821.712,49.5
cn50,cn50_0194,0,19.892,21.724,2720000,21050.1,2442.002,822.313,49.65
cn50,cn50_0195,0,15.094,21.724,2720000,21050.1,2442.002,822.684,48.38
cn50,cn50_0196,1,24.123,21.724,2720000,18608.1,2442.002,823.004,50.53
cn50,cn50_0197,0,12.312,21.724,2720000,35702.1,2442.002,722.136,47.42
cn50,cn50_0198,0,13.655,21.724,2720000,38144.1,2442.002,976.965,47.91
cn50,cn50_0199,0,16.154,21.724,2720000,21050.1,2442.002,824.257,48.69
b3,b3_0000,1,101.065,21.724,2720000,18608.1,2442.002,919.971,56.89
b3,b3_0001,1,103.993,21.724,2720000,18608.1,2442.002,909.882,57.02
b3,b3_0002,1,121.774,21.724,2720000,18608.1,2442.002,909.434,57.71
b3,b3_0003,1,99.117,21.724,2720000,18608.1,2442.002,909.741,56.81
b3,b3_0004,1,105.464,21.724,2720000,18608.1,2442.002,910.163,57.08
b3,b3_0005,1,125.976,21.724,2720000,18608.1,2442.002,910.598,57.86
b3,b3_0006,1,115.568,21.724,2720000,18608.1,2442.002,911.045,57.48
b3,b3_0007,1,117.412,21.724,2720000,18608.1,2442.002,911.455,57.55
b3,b3_0008,1,101.094,21.724,2720000,18608.1,2442.002,911.889,56.89
b3,b3_0009,1,116.726,21.724,2720000,18608.1,2442.002,912.299,57.52
b3,b3_0010,1,110.327,21.724,2720000,18608.1,2442.002,912.721,57.28
b3,b3_0011,1,95.315,21.724,2720000,18608.1,2442.002,913.155,56.63
b3,b3_0012,1,92.549,21.724,2720000,18608.1,2442.002,913.577,56.5
b3,b3_0013,1,95.889,21.724,2720000,18608.1,2442.002,913.987,56.66
b3,b3_0014,1,109.932,21.724,2720000,18608.1,2442.002,924.754,57.26
b3,b3_0015,1,103.472,21.724,2720000,18608.1,2442.002,918.807,56.99
b3,b3_0016,1,104.428,21.724,2720000,18608.1,2442.002,915.304,57.03
b3,b3_0017,1,102.214,21.724,2720000,18608.1,2442.002,915.675,56.94
b3,b3_0018,1,96.048,21.724,2720000,18608.1,2442.002,916.084,56.67
b3,b3_0019,1,101.57,21.724,2720000,18608.1,2442.002,916.493,56.91
cn60,cn60_0000,1,99.733,21.724,2720000,18608.1,2442.002,942.579,56.83
cn60,cn60_0001,1,106.374,21.724,2720000,18608.1,2442.002,932.516,57.12
cn60,cn60_0002,1,102.52,21.724,2720000,18608.1,2442.002,932.068,56.95
cn60,cn60_0003,1,110.393,21.724,2720000,18608.1,2442.002,932.503,57.28
cn60,cn60_0004,1,105.914,21.724,2720000,18608.1,2442.002,932.899,57.1
cn60,cn60_0005,1,111.364,21.724,2720000,18608.1,2442.002,933.206,57.32
cn60,cn60_0006,1,108.797,21.724,2720000,18608.1,2442.002,933.654,57.21
cn60,cn60_0007,1,114.965,21.724,2720000,18608.1,2442.002,934.089,57.46
cn60,cn60_0008,1,113.052,21.724,2720000,18608.1,2442.002,934.485,57.38
cn60,cn60_0009,1,121.108,21.724,2720000,18608.1,2442.002,934.907,57.68
cn60,cn60_0010,1,91.02,21.724,2720000,18608.1,2442.002,935.342,56.43
cn60,cn60_0011,1,103.833,21.724,2720000,18608.1,2442.002,935.764,57.01
cn60,cn60_0012,1,116.756,21.724,2720000,18608.1,2442.002,936.186,57.52
cn60,cn60_0013,1,114.188,21.724,2720000,18608.1,2442.002,936.608,57.43
cn60,cn60_0014,1,99.574,21.724,2720000,18608.1,2442.002,937.03,56.83
cn60,cn60_0015,1,92.862,21.724,2720000,18608.1,2442.002,937.439,56.52
cn60,cn60_0016,1,104.423,21.724,2720000,18608.1,2442.002,948.18,57.03
cn60,cn60_0017,1,102.52,21.724,2720000,18608.1,2442.002,942.311,56.95
cn60,cn60_0018,1,111.938,21.724,2720000,18608.1,2442.002,938.679,57.34
cn60,cn60_0019,1,106.568,21.724,2720000,18608.1,2442.002,939.127,57.12
cn60,cn60_0020,1,113.701,21.724,2720000,18608.1,2442.002,939.549,57.41
cn60,cn60_0021,1,96.129,21.724,2720000,18608.1,2442.002,939.996,56.67
cn60,cn60_0022,1,105.052,21.724,2720000,18608.1,2442.002,940.406,57.06
cn60,cn60_0023,1,105.128,21.724,2720000,18608.1,2442.002,940.828,57.06
cn60,cn60_0024,1,105.733,21.724,2720000,18608.1,2442.002,941.134,57.09
cn60,cn60_0025,1,110.402,21.724,2720000,18608.1,2442.002,941.544,57.28
cn60,cn60_0026,1,104.844,21.724,2720000,18608.1,2442.002,941.966,57.05
cn60,cn60_0027,1,116.158,21.724,2720000,18608.1,2442.002,942.388,57.5
cn60,cn60_0028,1,108.733,21.724,2720000,18608.1,2442.002,942.822,57.21
cn60,cn60_0029,1,105.749,21.724,2720000,18608.1,2442.002,943.283,57.09
cn60,cn60_0030,1,82.331,21.724,2720000,18608.1,2442.002,943.654,55.99
cn60,cn60_0031,1,101.865,21.724,2720000,18608.1,2442.002,944.114,56.93
cn60,cn60_0032,1,110.769,21.724,2720000,18608.1,2442.002,944.536,57.29
cn60,cn60_0033,1,116.095,21.724,2720000,18608.1,2442.002,944.92,57.5
cn60,cn60_0034,1,114.667,21.724,2720000,18608.1,2442.002,945.367,57.44
cn60,cn60_0035,1,97.176,21.724,2720000,18608.1,2442.002,948.973,56.72
cn60,cn60_0036,1,104.386,21.724,2720000,18608.1,2442.002,947.055,57.03
cn60,cn60_0037,1,107.163,21.724,2720000,18608.1,2442.002,946.633,57.15
cn60,cn60_0038,1,109.13,21.724,2720000,18608.1,2442.002,947.055,57.23
cn60,cn60_0039,1,108.405,21.724,2720000,18608.1,2442.002,947.503,57.2
cn60,cn60_0040,1,110.747,21.724,2720000,18608.1,2442.002,947.912,57.29
cn60,cn60_0041,1,100.781,21.724,2720000,18608.1,2442.002,948.334,56.88
cn60,cn60_0042,1,121.434,21.724,2720000,18608.1,2442.002,948.628,57.7
cn60,cn60_0043,1,118.739,21.724,2720000,18608.1,2442.002,949.05,57.6
cn60,cn60_0044,1,112.022,21.724,2720000,18608.1,2442.002,949.434,57.34
cn60,cn60_0045,1,108.269,21.724,2720000,18608.1,2442.002,949.894,57.19
cn60,cn60_0046,1,93.981,21.724,2720000,18608.1,2442.002,950.354,56.57
cn60,cn60_0047,1,103.924,21.724,2720000,18608.1,2442.002,950.712,57.01
cn60,cn60_0048,1,56.808,21.724,2720000,16166.1,2442.002,951.147,54.35
cn60,cn60_0049,1,117.121,21.724,2720000,18608.1,2442.002,951.582,57.54
cn60,cn60_0050,1,121.648,21.724,2720000,18608.1,2442.002,952.042,57.7
cn60,cn60_0051,1,110.827,21.724,2720000,18608.1,2442.002,952.503,57.29
cn60,cn60_0052,1,92.864,21.724,2720000,18608.1,2442.002,952.899,56.52
cn60,cn60_0053,1,112.363,21.724,2720000,18608.1,2442.002,953.308,57.36
cn60,cn60_0054,1,111.998,21.724,2720000,18608.1,2442.002,956.94,57.34
cn60,cn60_0055,1,107.136,21.724,2720000,18608.1,2442.002,955.022,57.15
cn60,cn60_0056,1,112.067,21.724,2720000,18608.1,2442.002,954.574,57.34
cn60,cn60_0057,1,93.998,21.724,2720000,21050.1,2442.002,954.996,56.57
cn60,cn60_0058,1,110.403,21.724,2720000,18608.1,2442.002,955.431,57.28
cn60,cn60_0059,1,100.881,21.724,2720000,18608.1,2442.002,955.827,56.88
cn60,cn60_0060,1,107.239,21.724,2720000,18608.1,2442.002,956.262,57.15
cn60,cn60_0061,1,100.171,21.724,2720000,18608.1,2442.002,956.556,56.85
cn60,cn60_0062,1,96.816,21.724,2720000,18608.1,2442.002,957.004,56.7
cn60,cn60_0063,1,52.095,21.724,2720000,16166.1,2442.002,957.426,53.97
cn60,cn60_0064,1,106.858,21.724,2720000,18608.1,2442.002,957.848,57.13
cn60,cn60_0065,1,95.937,21.724,2720000,18608.1,2442.002,958.27,56.66
cn60,cn60_0066,1,103.655,21.724,2720000,18608.1,2442.002,958.679,57.0
cn60,cn60_0067,1,102.939,21.724,2720000,18608.1,2442.002,959.088,56.97
cn60,cn60_0068,1,92.238,21.724,2720000,18608.1,2442.002,959.536,56.49
cn60,cn60_0069,1,107.293,21.724,2720000,18608.1,2442.002,959.97,57.15
cn60,cn60_0070,1,112.624,21.724,2720000,18608.1,2442.002,960.354,57.37
cn60,cn60_0071,1,115.364,21.724,2720000,18608.1,2442.002,960.802,57.47
cn60,cn60_0072,1,112.685,21.724,2720000,18608.1,2442.002,961.224,57.37
cn60,cn60_0073,1,113.077,21.724,2720000,18608.1,2442.002,964.83,57.38
cn60,cn60_0074,1,112.295,21.724,2720000,18608.1,2442.002,962.937,57.35
cn60,cn60_0075,1,121.205,21.724,2720000,18608.1,2442.002,962.49,57.69
cn60,cn60_0076,1,111.953,21.724,2720000,18608.1,2442.002,962.912,57.34
cn60,cn60_0077,1,103.202,21.724,2720000,18608.1,2442.002,963.321,56.98
cn60,cn60_0078,1,108.772,21.724,2720000,18608.1,2442.002,963.768,57.21
cn60,cn60_0079,1,103.648,21.724,2720000,18608.1,2442.002,964.165,57.0
cn60,cn60_0080,1,110.992,21.724,2720000,18608.1,2442.002,964.472,57.3
cn60,cn60_0081,1,101.704,21.724,2720000,18608.1,2442.002,964.906,56.92
cn60,cn60_0082,1,103.583,21.724,2720000,18608.1,2442.002,965.303,57.0
cn60,cn60_0083,1,100.833,21.724,2720000,18608.1,2442.002,965.738,56.88
cn60,cn60_0084,1,110.337,21.724,2720000,18608.1,2442.002,966.16,57.28
cn60,cn60_0085,1,111.73,21.724,2720000,18608.1,2442.002,966.582,57.33
cn60,cn60_0086,1,114.571,21.724,2720000,18608.1,2442.002,967.042,57.44
cn60,cn60_0087,1,107.918,21.724,2720000,18608.1,2442.002,967.426,57.18
cn60,cn60_0088,1,103.277,21.724,2720000,18608.1,2442.002,967.86,56.99
cn60,cn60_0089,1,113.827,21.724,2720000,18608.1,2442.002,968.257,57.41
cn60,cn60_0090,1,94.814,21.724,2720000,18608.1,2442.002,968.704,56.61
cn60,cn60_0091,1,105.142,21.724,2720000,18608.1,2442.002,969.139,57.06
cn60,cn60_0092,1,104.072,21.724,2720000,18608.1,2442.002,972.758,57.02
cn60,cn60_0093,1,98.382,21.724,2720000,18608.1,2442.002,970.814,56.77
cn60,cn60_0094,1,99.941,21.724,2720000,18608.1,2442.002,970.392,56.84
cn60,cn60_0095,1,105.037,21.724,2720000,18608.1,2442.002,970.84,57.06
cn60,cn60_0096,1,112.715,21.724,2720000,18608.1,2442.002,971.262,57.37
cn60,cn60_0097,1,104.551,21.724,2720000,18608.1,2442.002,971.684,57.04
cn60,cn60_0098,1,105.171,21.724,2720000,18608.1,2442.002,972.093,57.07
cn60,cn60_0099,1,111.67,21.724,2720000,18608.1,2442.002,972.4,57.33
cn60,cn60_0100,1,98.347,21.724,2720000,18608.1,2442.002,972.809,56.77
cn60,cn60_0101,1,101.324,21.724,2720000,18608.1,2442.002,973.244,56.9
cn60,cn60_0102,1,101.463,21.724,2720000,18608.1,2442.002,973.64,56.91
cn60,cn60_0103,1,39.381,21.724,2720000,23492.1,2442.002,974.101,52.73
cn60,cn60_0104,1,98.781,21.724,2720000,18608.1,2442.002,974.51,56.79
cn60,cn60_0105,1,114.954,21.724,2720000,18608.1,2442.002,974.906,57.46
cn60,cn60_0106,1,99.568,21.724,2720000,18608.1,2442.002,975.367,56.83
cn60,cn60_0107,1,95.618,21.724,2720000,18608.1,2442.002,975.776,56.65
cn60,cn60_0108,1,106.098,21.724,2720000,18608.1,2442.002,976.198,57.1
cn60,cn60_0109,1,117.406,21.724,2720000,18608.1,2442.002,976.607,57.55
cn60,cn60_0110,1,117.583,21.724,2720000,18608.1,2442.002,984.586,57.55
cn60,cn60_0111,1,99.866,21.724,2720000,18608.1,2442.002,979.164,56.84
cn60,cn60_0112,1,109.023,21.724,2720000,18608.1,2442.002,977.898,57.22
cn60,cn60_0113,1,113.578,21.724,2720000,18608.1,2442.002,978.295,57.4
cn60,cn60_0114,1,115.553,21.724,2720000,18608.1,2442.002,978.755,57.48
cn60,cn60_0115,1,106.14,21.724,2720000,18608.1,2442.002,979.139,57.11
cn60,cn60_0116,1,120.067,21.724,2720000,18608.1,2442.002,979.599,57.65
cn60,cn60_0117,1,114.194,21.724,2720000,18608.1,2442.002,980.034,57.43
cn60,cn60_0118,1,105.206,21.724,2720000,18608.1,2442.002,980.303,57.07
cn60,cn60_0119,1,123.577,21.724,2720000,18608.1,2442.002,980.712,57.77
cn60,cn60_0120,1,84.418,21.724,2720000,18608.1,2442.002,981.134,56.1
cn60,cn60_0121,1,100.026,21.724,2720000,18608.1,2442.002,981.568,56.85
cn60,cn60_0122,1,106.506,21.724,2720000,18608.1,2442.002,982.016,57.12
cn60,cn60_0123,1,105.172,21.724,2720000,18608.1,2442.002,982.451,57.07
cn60,cn60_0124,1,98.422,21.724,2720000,18608.1,2442.002,982.86,56.77
cn60,cn60_0125,1,104.912,21.724,2720000,18608.1,2442.002,983.282,57.05
cn60,cn60_0126,1,109.145,21.724,2720000,18608.1,2442.002,983.678,57.23
cn60,cn60_0127,1,99.492,21.724,2720000,18608.1,2442.002,984.1,56.82
cn60,cn60_0128,1,102.139,21.724,2720000,18608.1,2442.002,984.535,56.94
cn60,cn60_0129,1,92.862,21.724,2720000,18608.1,2442.002,988.154,56.52
cn60,cn60_0130,1,112.633,21.724,2720000,18608.1,2442.002,986.223,57.37
cn60,cn60_0131,1,117.613,21.724,2720000,18608.1,2442.002,985.814,57.56
cn60,cn60_0132,1,100.562,21.724,2720000,18608.1,2442.002,986.223,56.87
cn60,cn60_0133,1,115.518,21.724,2720000,18608.1,2442.002,986.658,57.48
cn60,cn60_0134,1,93.776,21.724,2720000,18608.1,2442.002,987.067,56.56
cn60,cn60_0135,1,107.895,21.724,2720000,18608.1,2442.002,987.553,57.18
cn60,cn60_0136,1,99.024,21.724,2720000,21050.1,2442.002,987.822,56.8
cn60,cn60_0137,1,102.975,21.724,2720000,18608.1,2442.002,988.231,56.97
cn60,cn60_0138,1,105.338,21.724,2720000,18608.1,2442.002,988.653,57.07
cn60,cn60_0139,1,101.522,21.724,2720000,18608.1,2442.002,989.113,56.91
cn60,cn60_0140,1,105.692,21.724,2720000,18608.1,2442.002,989.586,57.09
cn60,cn60_0141,1,106.838,21.724,2720000,18608.1,2442.002,989.944,57.13
cn60,cn60_0142,1,110.656,21.724,2720000,18608.1,2442.002,990.392,57.29
cn60,cn60_0143,1,113.841,21.724,2720000,18608.1,2442.002,990.801,57.41
cn60,cn60_0144,1,109.554,21.724,2720000,18608.1,2442.002,991.223,57.24
cn60,cn60_0145,1,103.13,21.724,2720000,18608.1,2442.002,991.658,56.98
cn60,cn60_0146,1,104.753,21.724,2720000,18608.1,2442.002,992.054,57.05
cn60,cn60_0147,1,103.059,21.724,2720000,18608.1,2442.002,992.476,56.98
cn60,cn60_0148,1,91.442,21.724,2720000,18608.1,2442.002,996.121,56.45
cn60,cn60_0149,1,95.821,21.724,2720000,18608.1,2442.002,994.228,56.66
cn60,cn60_0150,1,102.602,21.724,2720000,18608.1,2442.002,993.806,56.96
cn60,cn60_0151,1,115.884,21.724,2720000,18608.1,2442.002,994.19,57.49
cn60,cn60_0152,1,127.745,21.724,2720000,18608.1,2442.002,994.612,57.92
cn60,cn60_0153,1,116.151,21.724,2720000,18608.1,2442.002,995.047,57.5
cn60,cn60_0154,1,115.803,21.724,2720000,18608.1,2442.002,995.469,57.49
cn60,cn60_0155,1,109.626,21.724,2720000,18608.1,2442.002,995.763,57.25
cn60,cn60_0156,1,85.502,21.724,2720000,18608.1,2442.002,996.197,56.16
cn60,cn60_0157,1,92.238,21.724,2720000,18608.1,2442.002,996.607,56.49
cn60,cn60_0158,1,108.663,21.724,2720000,18608.1,2442.002,997.041,57.21
cn60,cn60_0159,1,115.444,21.724,2720000,18608.1,2442.002,997.451,57.47
cn60,cn60_0160,1,110.638,21.724,2720000,18608.1,2442.002,997.873,57.29
cn60,cn60_0161,1,106.133,21.724,2720000,18608.1,2442.002,998.307,57.11
cn60,cn60_0162,1,94.206,21.724,2720000,18608.1,2442.002,998.742,56.58
cn60,cn60_0163,1,105.176,21.724,2720000,18608.1,2442.002,999.151,57.07
cn60,cn60_0164,1,101.984,21.724,2720000,18608.1,2442.002,999.586,56.93
cn60,cn60_0165,1,125.662,21.724,2720000,18608.1,2442.002,1000.021,57.85
cn60,cn60_0166,1,103.647,21.724,2720000,18608.1,2442.002,1000.417,57.0
cn60,cn60_0167,1,97.752,21.724,2720000,18608.1,2442.002,1004.011,56.74
cn60,cn60_0168,1,110.492,21.724,2720000,18608.1,2442.002,1002.144,57.28
cn60,cn60_0169,1,104.836,21.724,2720000,18608.1,2442.002,1001.696,57.05
cn60,cn60_0170,1,103.769,21.724,2720000,18608.1,2442.002,1002.144,57.01
cn60,cn60_0171,1,113.964,21.724,2720000,18608.1,2442.002,1002.578,57.42
cn60,cn60_0172,1,96.608,21.724,2720000,18608.1,2442.002,1002.949,56.69
cn60,cn60_0173,1,100.923,21.724,2720000,18608.1,2442.002,1003.397,56.88
cn60,cn60_0174,1,113.275,21.724,2720000,18608.1,2442.002,1003.729,57.39
cn60,cn60_0175,1,99.512,21.724,2720000,18608.1,2442.002,1004.126,56.82
cn60,cn60_0176,1,106.664,21.724,2720000,18608.1,2442.002,1004.586,57.13
cn60,cn60_0177,1,93.192,21.724,2720000,18608.1,2442.002,1004.957,56.53
cn60,cn60_0178,1,114.571,21.724,2720000,18608.1,2442.002,1005.379,57.44
cn60,cn60_0179,1,116.055,21.724,2720000,18608.1,2442.002,1005.801,57.5
cn60,cn60_0180,1,108.94,21.724,2720000,18608.1,2442.002,1006.274,57.22
cn60,cn60_0181,1,108.824,21.724,2720000,18608.1,2442.002,1006.696,57.21
cn60,cn60_0182,1,93.537,21.724,2720000,18608.1,2442.002,1007.092,56.55
cn60,cn60_0183,1,109.654,21.724,2720000,18608.1,2442.002,1007.514,57.25
cn60,cn60_0184,1,102.461,21.724,2720000,18608.1,2442.002,1007.924,56.95
cn60,cn60_0185,1,100.585,21.724,2720000,21050.1,2442.002,1008.397,56.87
cn60,cn60_0186,1,99.773,21.724,2720000,18608.1,2442.002,1011.99,56.83
cn60,cn60_0187,1,100.14,21.724,2720000,21050.1,2442.002,1010.059,56.85
cn60,cn60_0188,1,111.632,21.724,2720000,18608.1,2442.002,1009.65,57.33
cn60,cn60_0189,1,103.981,21.724,2720000,18608.1,2442.002,1010.085,57.02
cn60,cn60_0190,1,96.572,21.724,2720000,18608.1,2442.002,1010.507,56.69
cn60,cn60_0191,1,112.535,21.724,2720000,18608.1,2442.002,1010.929,57.36
cn60,cn60_0192,1,106.692,21.724,2720000,18608.1,2442.002,1011.338,57.13
cn60,cn60_0193,1,111.24,21.724,2720000,18608.1,2442.002,1011.67,57.31
cn60,cn60_0194,1,102.376,21.724,2720000,18608.1,2442.002,1012.041,56.95
cn60,cn60_0195,1,97.064,21.724,2720000,18608.1,2442.002,1012.476,56.71
cn60,cn60_0196,1,104.474,21.724,2720000,18608.1,2442.002,1012.923,57.04
cn60,cn60_0197,1,108.17,21.724,2720000,18608.1,2442.002,1013.397,57.19
cn60,cn60_0198,1,100.654,21.724,2720000,18608.1,2442.002,1013.767,56.87
cn60,cn60_0199,1,108.068,21.724,2720000,18608.1,2442.002,1014.215,57.18
b4,b4_0000,1,113.479,21.724,2720000,18608.1,2442.002,54.782,57.4
b4,b4_0001,1,110.584,21.724,2720000,18608.1,2442.002,43.439,57.29
b4,b4_0002,1,94.644,21.724,2720000,18608.1,2442.002,43.043,56.6
b4,b4_0003,1,105.728,21.724,2720000,18608.1,2442.002,43.452,57.09
b4,b4_0004,1,102.356,21.724,2720000,18608.1,2442.002,43.708,56.95
b4,b4_0005,1,105.062,21.724,2720000,18608.1,2442.002,44.206,57.06
b4,b4_0006,1,107.005,21.724,2720000,18608.1,2442.002,44.603,57.14
b4,b4_0007,1,95.432,21.724,2720000,18608.1,2442.002,45.025,56.64
b4,b4_0008,1,105.137,21.724,2720000,18608.1,2442.002,45.447,57.06
b4,b4_0009,1,114.775,21.724,2720000,18608.1,2442.002,45.843,57.45
b4,b4_0010,1,97.527,21.724,2720000,18608.1,2442.002,46.291,56.73
b4,b4_0011,1,122.56,21.724,2720000,18608.1,2442.002,46.713,57.74
b4,b4_0012,1,115.615,21.724,2720000,18608.1,2442.002,47.135,57.48
b4,b4_0013,1,103.702,21.724,2720000,18608.1,2442.002,47.582,57.0
b4,b4_0014,1,101.45,21.724,2720000,18608.1,2442.002,47.991,56.91
b4,b4_0015,1,106.811,21.724,2720000,18608.1,2442.002,48.401,57.13
b4,b4_0016,1,123.015,21.724,2720000,18608.1,2442.002,59.168,57.75
b4,b4_0017,1,84.797,21.724,2720000,18608.1,2442.002,53.26,56.12
b4,b4_0018,1,109.605,21.724,2720000,18608.1,2442.002,49.667,57.25
b4,b4_0019,1,95.525,21.724,2720000,18608.1,2442.002,50.127,56.64
noise,noise_0000,0,12.063,21.724,2720000,25934.1,2442.002,582.061,47.33
noise,noise_0001,0,15.289,21.724,2720000,18608.1,2442.002,829.231,48.44
noise,noise_0002,0,12.601,21.724,2720000,-3370.0,2442.002,811.469,47.53
noise,noise_0003,0,14.871,21.724,2720000,-32674.0,2442.002,668.927,48.31
noise,noise_0004,0,12.206,21.724,2720000,-30232.0,2442.002,607.483,47.38
noise,noise_0005,0,14.112,21.724,2720000,-25348.0,2442.002,649.221,48.06
noise,noise_0006,0,12.588,21.724,2720000,3956.0,2442.002,972.553,47.53
noise,noise_0007,0,13.027,21.724,2720000,40586.1,2442.002,716.1,47.69
noise,noise_0008,0,12.951,21.724,2720000,-32674.0,2442.002,314.087,47.66
noise,noise_0009,0,15.81,21.724,2720000,-3370.0,2442.002,56.06,48.59
noise,noise_0010,0,14.415,21.724,2720000,28376.1,2442.002,975.878,48.16
noise,noise_0011,0,11.511,21.724,2720000,8840.0,2442.002,748.465,47.1
noise,noise_0012,0,12.047,21.724,2720000,8840.0,2442.002,931.927,47.32
noise,noise_0013,0,15.911,21.724,2720000,-30232.0,2442.002,971.338,48.62
noise,noise_0014,0,12.255,21.724,2720000,35702.1,2442.002,593.788,47.4
noise,noise_0015,0,11.606,21.724,2720000,-10696.0,2442.002,465.299,47.14
noise,noise_0016,0,12.91,21.724,2720000,25934.1,2442.002,971.3,47.65
noise,noise_0017,0,12.604,21.724,2720000,8840.0,2442.002,839.154,47.53
noise,noise_0018,0,12.546,21.724,2720000,23492.1,2442.002,739.846,47.51
noise,noise_0019,0,12.423,21.724,2720000,8840.0,2442.002,661.715,47.47
noise,noise_0020,0,14.209,21.724,2720000,-25348.0,2442.002,558.328,48.1
noise,noise_0021,0,14.505,21.724,2720000,38144.1,2442.002,457.703,48.19
noise,noise_0022,0,13.529,21.724,2720000,-27790.0,2442.002,572.509,47.87
noise,noise_0023,0,12.551,21.724,2720000,-8254.0,2442.002,210.917,47.51
noise,noise_0024,0,17.275,21.724,2720000,6398.0,2442.002,502.958,49.0
noise,noise_0025,0,12.323,21.724,2720000,-22906.0,2442.002,441.783,47.43
noise,noise_0026,0,12.467,21.724,2720000,-25348.0,2442.002,131.698,47.48
noise,noise_0027,0,14.542,21.724,2720000,-5812.0,2442.002,371.259,48.2
noise,noise_0028,0,12.687,21.724,2720000,-27790.0,2442.002,958.999,47.56
noise,noise_0029,0,13.856,21.724,2720000,-35116.0,2442.002,332.258,47.98
noise,noise_0030,0,14.607,21.724,2720000,35702.1,2442.002,331.004,48.23
noise,noise_0031,0,12.063,21.724,2720000,-18022.0,2442.002,145.841,47.33
noise,noise_0032,0,11.679,21.724,2720000,-22906.0,2442.002,881.212,47.17
noise,noise_0033,0,12.378,21.724,2720000,-37558.0,2442.002,27.161,47.45
noise,noise_0034,0,13.131,21.724,2720000,11282.1,2442.002,635.59,47.73
noise,noise_0035,0,12.795,21.724,2720000,-8254.0,2442.002,347.922,47.6
noise,noise_0036,0,12.159,21.724,2720000,-15580.0,2442.002,219.715,47.36
noise,noise_0037,0,10.908,21.724,2720000,16166.1,2442.002,343.14,46.85
noise,noise_0038,0,11.687,21.724,2720000,25934.1,2442.002,603.11,47.18
noise,noise_0039,0,14.493,21.724,2720000,8840.0,2442.002,511.487,48.19
noise,noise_0040,0,13.567,21.724,2720000,-32674.0,2442.002,480.708,47.88
noise,noise_0041,0,12.324,21.724,2720000,16166.1,2442.002,437.678,47.43
noise,noise_0042,0,12.566,21.724,2720000,38144.1,2442.002,195.329,47.52
noise,noise_0043,0,11.153,21.724,2720000,-3370.0,2442.002,840.996,46.95
noise,noise_0044,0,11.438,21.724,2720000,-32674.0,2442.002,220.661,47.07
noise,noise_0045,0,12.316,21.724,2720000,33260.1,2442.002,200.751,47.42
noise,noise_0046,0,14.165,21.724,2720000,-30232.0,2442.002,58.311,48.08
noise,noise_0047,0,13.072,21.724,2720000,13724.1,2442.002,577.279,47.71
noise,noise_0048,0,16.286,21.724,2720000,18608.1,2442.002,193.296,48.73
noise,noise_0049,0,12.622,21.724,2720000,16166.1,2442.002,601.652,47.54
noise,noise_0050,0,12.252,21.724,2720000,-5812.0,2442.002,896.378,47.4
noise,noise_0051,0,12.703,21.724,2720000,23492.1,2442.002,254.036,47.57
noise,noise_0052,0,11.399,21.724,2720000,33260.1,2442.002,937.234,47.06
noise,noise_0053,0,12.031,21.724,2720000,8840.0,2442.002,441.066,47.31
noise,noise_0054,0,14.012,21.724,2720000,-18022.0,2442.002,534.275,48.03
noise,noise_0055,0,10.594,21.724,2720000,-20464.0,2442.002,847.415,46.71
noise,noise_0056,0,14.219,21.724,2720000,13724.1,2442.002,705.128,48.1
noise,noise_0057,0,13.123,21.724,2720000,-32674.0,2442.002,15.895,47.72
noise,noise_0058,0,11.881,21.724,2720000,-35116.0,2442.002,739.68,47.25
noise,noise_0059,0,13.177,21.724,2720000,-13138.0,2442.002,533.789,47.74
noise,noise_0060,0,12.916,21.724,2720000,-928.0,2442.002,176.749,47.65
noise,noise_0061,0,12.298,21.724,2720000,35702.1,2442.002,35.473,47.42
noise,noise_0062,0,11.765,21.724,2720000,33260.1,2442.002,528.981,47.21
noise,noise_0063,0,12.532,21.724,2720000,25934.1,2442.002,342.577,47.51
noise,noise_0064,0,12.596,21.724,2720000,13724.1,2442.002,703.926,47.53
noise,noise_0065,0,13.27,21.724,2720000,8840.0,2442.002,194.408,47.78
noise,noise_0066,0,12.417,21.724,2720000,-18022.0,2442.002,1003.473,47.46
noise,noise_0067,0,12.192,21.724,2720000,-20464.0,2442.002,377.525,47.38
noise,noise_0068,0,11.628,21.724,2720000,-37558.0,2442.002,506.577,47.15
noise,noise_0069,0,13.981,21.724,2720000,35702.1,2442.002,744.475,48.02
noise,noise_0070,0,11.858,21.724,2720000,-3370.0,2442.002,266.491,47.25
noise,noise_0071,0,11.618,21.724,2720000,23492.1,2442.002,255.098,47.15
noise,noise_0072,0,13.249,21.724,2720000,25934.1,2442.002,627.7,47.77
noise,noise_0073,0,18.41,21.724,2720000,-3370.0,2442.002,127.53,49.3
noise,noise_0074,0,12.155,21.724,2720000,30818.1,2442.002,32.531,47.36
noise,noise_0075,0,13.819,21.724,2720000,38144.1,2442.002,973.026,47.97
noise,noise_0076,0,11.522,21.724,2720000,33260.1,2442.002,148.578,47.11
noise,noise_0077,0,15.729,21.724,2720000,3956.0,2442.002,24.296,48.57
noise,noise_0078,0,10.874,21.724,2720000,-22906.0,2442.002,977.464,46.83
noise,noise_0079,0,13.361,21.724,2720000,-25348.0,2442.002,873.629,47.81
noise,noise_0080,0,11.853,21.724,2720000,-20464.0,2442.002,991.632,47.24
noise,noise_0081,0,12.697,21.724,2720000,16166.1,2442.002,692.405,47.57
noise,noise_0082,0,11.583,21.724,2720000,-18022.0,2442.002,570.86,47.13
noise,noise_0083,0,12.102,21.724,2720000,8840.0,2442.002,780.83,47.34
noise,noise_0084,0,11.356,21.724,2720000,8840.0,2442.002,87.364,47.04
noise,noise_0085,0,12.18,21.724,2720000,-20464.0,2442.002,189.613,47.37
noise,noise_0086,0,14.322,21.724,2720000,1514.0,2442.002,740.243,48.13
noise,noise_0087,0,11.5,21.724,2720000,-20464.0,2442.002,593.545,47.1
noise,noise_0088,0,12.529,21.724,2720000,33260.1,2442.002,684.783,47.51
noise,noise_0089,0,12.974,21.724,2720000,21050.1,2442.002,955.392,47.67
noise,noise_0090,0,13.191,21.724,2720000,25934.1,2442.002,71.559,47.75
noise,noise_0091,0,11.969,21.724,2720000,-22906.0,2442.002,939.242,47.29
noise,noise_0092,0,12.32,21.724,2720000,-22906.0,2442.002,478.112,47.43
noise,noise_0093,0,12.565,21.724,2720000,-20464.0,2442.002,651.804,47.52
noise,noise_0094,0,13.96,21.724,2720000,-35116.0,2442.002,477.715,48.01
noise,noise_0095,0,12.931,21.724,2720000,-27790.0,2442.002,642.572,47.65
noise,noise_0096,0,11.574,21.724,2720000,6398.0,2442.002,280.519,47.13
noise,noise_0097,0,14.337,21.724,2720000,3956.0,2442.002,170.253,48.14
noise,noise_0098,0,11.276,21.724,2720000,18608.1,2442.002,312.718,47.01
noise,noise_0099,0,13.224,21.724,2720000,11282.1,2442.002,1000.954,47.76
noise,noise_0100,0,13.062,21.724,2720000,23492.1,2442.002,929.472,47.7
noise,noise_0101,0,12.679,21.724,2720000,-22906.0,2442.002,725.55,47.56
noise,noise_0102,0,11.728,21.724,2720000,-22906.0,2442.002,670.5,47.19
noise,noise_0103,0,10.469,21.724,2720000,13724.1,2442.002,669.477,46.65
noise,noise_0104,0,11.36,21.724,2720000,21050.1,2442.002,322.744,47.04
noise,noise_0105,0,13.236,21.724,2720000,35702.1,2442.002,110.433,47.76
noise,noise_0106,0,12.241,21.724,2720000,-40000.0,2442.002,155.905,47.4
noise,noise_0107,0,11.636,21.724,2720000,21050.1,2442.002,72.39,47.16
noise,noise_0108,0,13.072,21.724,2720000,-32674.0,2442.002,279.189,47.71
noise,noise_0109,0,11.993,21.724,2720000,38144.1,2442.002,550.451,47.3
noise,noise_0110,0,12.199,21.724,2720000,-3370.0,2442.002,569.236,47.38
noise,noise_0111,0,13.028,21.724,2720000,21050.1,2442.002,69.052,47.69
noise,noise_0112,0,13.739,21.724,2720000,35702.1,2442.002,592.956,47.94
noise,noise_0113,0,12.49,21.724,2720000,-25348.0,2442.002,886.788,47.49
noise,noise_0114,0,15.546,21.724,2720000,8840.0,2442.002,913.769,48.52
noise,noise_0115,0,11.933,21.724,2720000,33260.1,2442.002,8.248,47.28
noise,noise_0116,0,12.656,21.724,2720000,-22906.0,2442.002,555.706,47.55
noise,noise_0117,0,15.014,21.724,2720000,-10696.0,2442.002,821.571,48.35
noise,noise_0118,0,12.236,21.724,2720000,35702.1,2442.002,332.501,47.39
noise,noise_0119,0,12.456,21.724,2720000,-15580.0,2442.002,516.628,47.48
noise,noise_0120,0,11.953,21.724,2720000,30818.1,2442.002,882.171,47.28
noise,noise_0121,0,13.341,21.724,2720000,-35116.0,2442.002,145.854,47.8
noise,noise_0122,0,13.201,21.724,2720000,-18022.0,2442.002,807.479,47.75
noise,noise_0123,0,12.313,21.724,2720000,40586.1,2442.002,469.301,47.42
noise,noise_0124,0,12.507,21.724,2720000,23492.1,2442.002,581.115,47.5
noise,noise_0125,0,12.781,21.724,2720000,25934.1,2442.002,594.069,47.6
noise,noise_0126,0,12.008,21.724,2720000,25934.1,2442.002,232.451,47.3
noise,noise_0127,0,12.872,21.724,2720000,-3370.0,2442.002,958.321,47.63
noise,noise_0128,0,11.129,21.724,2720000,30818.1,2442.002,875.394,46.94
noise,noise_0129,0,12.609,21.724,2720000,16166.1,2442.002,109.691,47.54
noise,noise_0130,0,14.072,21.724,2720000,-8254.0,2442.002,134.614,48.05
noise,noise_0131,0,15.666,21.724,2720000,-928.0,2442.002,249.305,48.55
noise,noise_0132,0,12.148,21.724,2720000,-32674.0,2442.002,904.907,47.36
noise,noise_0133,0,11.682,21.724,2720000,-5812.0,2442.002,82.403,47.17
noise,noise_0134,0,12.85,21.724,2720000,6398.0,2442.002,359.444,47.62
noise,noise_0135,0,13.04,21.724,2720000,13724.1,2442.002,132.964,47.69
noise,noise_0136,0,15.234,21.724,2720000,-5812.0,2442.002,661.676,48.42
noise,noise_0137,0,15.404,21.724,2720000,-35116.0,2442.002,531.321,48.47
noise,noise_0138,0,14.746,21.724,2720000,-13138.0,2442.002,364.226,48.27
noise,noise_0139,0,12.249,21.724,2720000,18608.1,2442.002,927.516,47.4
noise,noise_0140,0,13.343,21.724,2720000,3956.0,2442.002,435.171,47.8
noise,noise_0141,0,15.16,21.724,2720000,40586.1,2442.002,599.657,48.4
noise,noise_0142,0,12.345,21.724,2720000,-13138.0,2442.002,687.865,47.44
noise,noise_0143,0,12.835,21.724,2720000,-22906.0,2442.002,277.629,47.62
noise,noise_0144,0,11.263,21.724,2720000,-40000.0,2442.002,833.476,47.0
noise,noise_0145,0,11.886,21.724,2720000,-37558.0,2442.002,412.538,47.26
noise,noise_0146,0,13.112,21.724,2720000,16166.1,2442.002,740.882,47.72
noise,noise_0147,0,13.896,21.724,2720000,-13138.0,2442.002,909.716,47.99
noise,noise_0148,0,12.079,21.724,2720000,6398.0,2442.002,789.59,47.33
noise,noise_0149,0,12.143,21.724,2720000,-22906.0,2442.002,835.727,47.36
noise,noise_0150,0,12.738,21.724,2720000,6398.0,2442.002,1010.264,47.58
noise,noise_0151,0,12.592,21.724,2720000,11282.1,2442.002,921.237,47.53
noise,noise_0152,0,14.241,21.724,2720000,-35116.0,2442.002,243.845,48.11
noise,noise_0153,0,11.714,21.724,2720000,30818.1,2442.002,135.496,47.19
noise,noise_0154,0,13.341,21.724,2720000,21050.1,2442.002,320.57,47.8
noise,noise_0155,0,11.46,21.724,2720000,35702.1,2442.002,64.948,47.08
noise,noise_0156,0,19.024,21.724,2720000,25934.1,2442.002,95.267,49.45
noise,noise_0157,0,13.763,21.724,2720000,30818.1,2442.002,570.821,47.95
noise,noise_0158,0,12.854,21.724,2720000,-15580.0,2442.002,59.948,47.63
noise,noise_0159,0,12.786,21.724,2720000,11282.1,2442.002,409.187,47.6
noise,noise_0160,0,11.009,21.724,2720000,18608.1,2442.002,980.136,46.89
noise,noise_0161,0,13.622,21.724,2720000,25934.1,2442.002,773.107,47.9
noise,noise_0162,0,12.1,21.724,2720000,6398.0,2442.002,205.303,47.34
noise,noise_0163,0,11.768,21.724,2720000,18608.1,2442.002,543.622,47.21
noise,noise_0164,0,11.355,21.724,2720000,-32674.0,2442.002,452.537,47.04
noise,noise_0165,0,13.3,21.724,2720000,3956.0,2442.002,957.541,47.79
noise,noise_0166,0,13.233,21.724,2720000,-32674.0,2442.002,422.32,47.76
noise,noise_0167,0,11.399,21.724,2720000,11282.1,2442.002,264.727,47.06
noise,noise_0168,0,13.682,21.724,2720000,-5812.0,2442.002,846.622,47.92
noise,noise_0169,0,11.803,21.724,2720000,33260.1,2442.002,286.261,47.22
noise,noise_0170,0,13.331,21.724,2720000,40586.1,2442.002,396.476,47.8
noise,noise_0171,0,12.191,21.724,2720000,-27790.0,2442.002,778.695,47.38
noise,noise_0172,0,11.363,21.724,2720000,8840.0,2442.002,930.265,47.04
noise,noise_0173,0,15.533,21.724,2720000,13724.1,2442.002,899.191,48.51
noise,noise_0174,0,12.762,21.724,2720000,8840.0,2442.002,990.315,47.59
noise,noise_0175,0,12.508,21.724,2720000,8840.0,2442.002,89.513,47.5
noise,noise_0176,0,14.347,21.724,2720000,-40000.0,2442.002,159.486,48.14
noise,noise_0177,0,14.252,21.724,2720000,28376.1,2442.002,567.65,48.11
noise,noise_0178,0,12.004,21.724,2720000,25934.1,2442.002,19.437,47.3
noise,noise_0179,0,12.038,21.724,2720000,40586.1,2442.002,725.077,47.32
noise,noise_0180,0,13.561,21.724,2720000,-40000.0,2442.002,645.334,47.88
noise,noise_0181,0,14.51,21.724,2720000,1514.0,2442.002,170.342,48.19
noise,noise_0182,0,16.312,21.724,2720000,8840.0,2442.002,2.481,48.74
noise,noise_0183,0,16.188,21.724,2720000,-22906.0,2442.002,914.345,48.7
noise,noise_0184,0,11.659,21.724,2720000,-928.0,2442.002,298.652,47.17
noise,noise_0185,0,12.974,21.724,2720000,-30232.0,2442.002,849.614,47.67
noise,noise_0186,0,12.609,21.724,2720000,-32674.0,2442.002,528.917,47.54
noise,noise_0187,0,14.32,21.724,2720000,-22906.0,2442.002,563.123,48.13
noise,noise_0188,0,13.686,21.724,2720000,-32674.0,2442.002,329.994,47.92
noise,noise_0189,0,11.054,21.724,2720000,-22906.0,2442.002,593.008,46.91
noise,noise_0190,0,14.229,21.724,2720000,35702.1,2442.002,837.351,48.1
noise,noise_0191,0,15.589,21.724,2720000,-8254.0,2442.002,107.901,48.53
noise,noise_0192,0,12.711,21.724,2720000,-928.0,2442.002,436.028,47.57
noise,noise_0193,0,14.392,21.724,2720000,-3370.0,2442.002,279.586,48.16
noise,noise_0194,0,11.707,21.724,2720000,-37558.0,2442.002,764.667,47.18
noise,noise_0195,0,14.768,21.724,2720000,35702.1,2442.002,885.611,48.28
noise,noise_0196,0,15.94,21.724,2720000,38144.1,2442.002,235.61,48.63
noise,noise_0197,0,12.292,21.724,2720000,33260.1,2442.002,531.423,47.42
noise,noise_0198,0,11.722,21.724,2720000,38144.1,2442.002,754.552,47.19
noise,noise_0199,0,12.193,21.724,2720000,-30232.0,2442.002,300.493,47.38
b5,b5_0000,1,101.329,21.724,2720000,18608.1,2442.002,204.92,56.9
b5,b5_0001,1,118.575,21.724,2720000,18608.1,2442.002,202.874,57.59
b5,b5_0002,1,104.369,21.724,2720000,18608.1,2442.002,197.554,57.03
b5,b5_0003,1,100.372,21.724,2720000,18608.1,2442.002,194.856,56.86
b5,b5_0004,1,112.665,21.724,2720000,18608.1,2442.002,195.265,57.37
b5,b5_0005,1,118.84,21.724,2720000,18608.1,2442.002,195.674,57.6
b5,b5_0006,1,132.909,21.724,2720000,18608.1,2442.002,196.122,58.09
b5,b5_0007,1,101.151,21.724,2720000,18608.1,2442.002,196.531,56.89
b5,b5_0008,1,124.742,21.724,2720000,18608.1,2442.002,196.953,57.81
b5,b5_0009,1,101.907,21.724,2720000,18608.1,2442.002,197.337,56.93
b5,b5_0010,1,107.674,21.724,2720000,18608.1,2442.002,197.784,57.17
b5,b5_0011,1,118.752,21.724,2720000,18608.1,2442.002,198.168,57.6
b5,b5_0012,1,104.003,21.724,2720000,18608.1,2442.002,198.615,57.02
b5,b5_0013,1,95.661,21.724,2720000,18608.1,2442.002,199.025,56.65
b5,b5_0014,1,102.445,21.724,2720000,18608.1,2442.002,199.459,56.95
b5,b5_0015,1,122.883,21.724,2720000,18608.1,2442.002,199.869,57.75
b5,b5_0016,1,97.912,21.724,2720000,18608.1,2442.002,200.342,56.75
b5,b5_0017,1,111.244,21.724,2720000,18608.1,2442.002,200.585,57.31
b5,b5_0018,1,110.358,21.724,2720000,18608.1,2442.002,200.994,57.28
b5,b5_0019,1,108.237,21.724,2720000,18608.1,2442.002,201.429,57.19
off,off_0000,0,13.07,21.724,2720000,-22906.0,2442.002,927.759,47.71
off,off_0001,0,12.902,21.724,2720000,-18022.0,2442.002,196.812,47.64
off,off_0002,0,13.321,21.724,2720000,18608.1,2442.002,809.807,47.79
off,off_0003,0,13.232,21.724,2720000,-928.0,2442.002,188.194,47.76
off,off_0004,0,11.743,21.724,2720000,-18022.0,2442.002,297.233,47.2
off,off_0005,0,14.219,21.724,2720000,-18022.0,2442.002,176.838,48.1
off,off_0006,0,13.341,21.724,2720000,-18022.0,2442.002,419.814,47.8
off,off_0007,0,12.977,21.724,2720000,-22906.0,2442.002,610.283,47.67
off,off_0008,0,17.534,21.724,2720000,-32674.0,2442.002,245.085,49.07
off,off_0009,0,11.838,21.724,2720000,-20464.0,2442.002,179.306,47.24
off,off_0010,0,11.972,21.724,2720000,-40000.0,2442.002,216.953,47.29
off,off_0011,0,11.201,21.724,2720000,-10696.0,2442.002,192.324,46.97
off,off_0012,0,11.562,21.724,2720000,8840.0,2442.002,276.133,47.13
off,off_0013,0,13.002,21.724,2720000,-3370.0,2442.002,66.367,47.68
off,off_0014,0,13.477,21.724,2720000,-13138.0,2442.002,87.134,47.85
off,off_0015,0,11.129,21.724,2720000,-22906.0,2442.002,139.844,46.94
off,off_0016,0,14.05,21.724,2720000,-30232.0,2442.002,298.358,48.04
off,off_0017,0,13.451,21.724,2720000,-5812.0,2442.002,110.305,47.84
off,off_0018,0,13.945,21.724,2720000,-27790.0,2442.002,230.149,48.01
off,off_0019,0,12.27,21.724,2720000,-13138.0,2442.002,281.837,47.41
off,off_0020,0,12.485,21.724,2720000,-35116.0,2442.002,963.998,47.49
off,off_0021,0,12.548,21.724,2720000,-15580.0,2442.002,309.087,47.51
off,off_0022,0,12.633,21.724,2720000,-20464.0,2442.002,260.596,47.54
off,off_0023,0,13.496,21.724,2720000,8840.0,2442.002,148.118,47.86
off,off_0024,0,11.617,21.724,2720000,-37558.0,2442.002,278.87,47.15
off,off_0025,0,12.812,21.724,2720000,16166.1,2442.002,224.242,47.61
off,off_0026,0,12.057,21.724,2720000,1514.0,2442.002,280.174,47.32
off,off_0027,0,12.879,21.724,2720000,-27790.0,2442.002,243.18,47.64
off,off_0028,0,12.317,21.724,2720000,30818.1,2442.002,952.758,47.42
off,off_0029,0,12.929,21.724,2720000,-15580.0,2442.002,289.458,47.65
off,off_0030,0,13.124,21.724,2720000,33260.1,2442.002,625.795,47.72
off,off_0031,0,12.353,21.724,2720000,38144.1,2442.002,120.88,47.44
off,off_0032,0,11.018,21.724,2720000,18608.1,2442.002,747.122,46.9
off,off_0033,0,12.099,21.724,2720000,6398.0,2442.002,771.035,47.34
off,off_0034,0,14.025,21.724,2720000,-15580.0,2442.002,152.018,48.04
off,off_0035,0,12.563,21.724,2720000,-40000.0,2442.002,234.625,47.52
off,off_0036,0,11.799,21.724,2720000,28376.1,2442.002,281.9,47.22
off,off_0037,0,12.754,21.724,2720000,-5812.0,2442.002,269.407,47.59
off,off_0038,0,14.262,21.724,2720000,-37558.0,2442.002,183.232,48.11
off,off_0039,0,12.562,21.724,2720000,23492.1,2442.002,477.409,47.52
off,off_0040,0,16.573,21.724,2720000,-20464.0,2442.002,128.297,48.81
off,off_0041,0,15.843,21.724,2720000,13724.1,2442.002,786.201,48.6
off,off_0042,0,13.799,21.724,2720000,-928.0,2442.002,176.659,47.96
off,off_0043,0,12.471,21.724,2720000,18608.1,2442.002,147.875,47.48
off,off_0044,0,12.613,21.724,2720000,-3370.0,2442.002,642.022,47.54
off,off_0045,0,11.716,21.724,2720000,38144.1,2442.002,140.765,47.19
off,off_0046,0,11.659,21.724,2720000,38144.1,2442.002,801.559,47.16
off,off_0047,0,12.519,21.724,2720000,-3370.0,2442.002,322.437,47.5
off,off_0048,0,14.218,21.724,2720000,-15580.0,2442.002,828.106,48.1
off,off_0049,0,11.894,21.724,2720000,-35116.0,2442.002,930.073,47.26
off,off_0050,0,13.15,21.724,2720000,40586.1,2442.002,748.606,47.73
off,off_0051,0,13.488,21.724,2720000,-35116.0,2442.002,858.604,47.85
off,off_0052,0,13.623,21.724,2720000,-40000.0,2442.002,156.826,47.9
off,off_0053,0,11.402,21.724,2720000,33260.1,2442.002,761.739,47.06
off,off_0054,0,13.657,21.724,2720000,-20464.0,2442.002,180.751,47.91
off,off_0055,0,12.392,21.724,2720000,30818.1,2442.002,584.606,47.45
off,off_0056,0,13.893,21.724,2720000,-25348.0,2442.002,293.844,47.99
off,off_0057,0,12.509,21.724,2720000,-27790.0,2442.002,207.426,47.5
off,off_0058,0,12.329,21.724,2720000,-928.0,2442.002,727.954,47.43
off,off_0059,0,12.541,21.724,2720000,-32674.0,2442.002,278.051,47.51
off,off_0060,0,10.861,21.724,2720000,-20464.0,2442.002,150.291,46.83
off,off_0061,0,13.422,21.724,2720000,-928.0,2442.002,161.979,47.83
off,off_0062,0,11.592,21.724,2720000,-25348.0,2442.002,304.675,47.14
off,off_0063,0,13.741,21.724,2720000,-20464.0,2442.002,203.59,47.94
off,off_0064,0,11.114,21.724,2720000,3956.0,2442.002,998.141,46.94
off,off_0065,0,13.921,21.724,2720000,-18022.0,2442.002,145.292,48.0
off,off_0066,0,12.248,21.724,2720000,23492.1,2442.002,66.329,47.4
off,off_0067,0,14.231,21.724,2720000,-5812.0,2442.002,916.634,48.1
off,off_0068,0,12.712,21.724,2720000,-15580.0,2442.002,210.086,47.57
off,off_0069,0,14.909,21.724,2720000,23492.1,2442.002,644.874,48.32
off,off_0070,0,14.658,21.724,2720000,1514.0,2442.002,611.549,48.24
off,off_0071,0,12.312,21.724,2720000,38144.1,2442.002,693.53,47.42
off,off_0072,0,15.424,21.724,2720000,16166.1,2442.002,504.007,48.48
off,off_0073,0,11.884,21.724,2720000,-15580.0,2442.002,227.886,47.26
off,off_0074,0,13.605,21.724,2720000,13724.1,2442.002,101.763,47.89
off,off_0075,0,13.164,21.724,2720000,-3370.0,2442.002,150.752,47.74
off,off_0076,0,12.627,21.724,2720000,8840.0,2442.002,72.339,47.54
off,off_0077,0,13.218,21.724,2720000,-30232.0,2442.002,686.241,47.76
off,off_0078,0,11.51,21.724,2720000,-35116.0,2442.002,917.912,47.1
off,off_0079,0,12.51,21.724,2720000,-3370.0,2442.002,170.189,47.5
off,off_0080,0,14.21,21.724,2720000,18608.1,2442.002,235.942,48.1
off,off_0081,0,11.573,21.724,2720000,-10696.0,2442.002,209.152,47.13
off,off_0082,0,11.811,21.724,2720000,-27790.0,2442.002,233.206,47.23
off,off_0083,0,12.007,21.724,2720000,-30232.0,2442.002,280.443,47.3
off,off_0084,0,13.289,21.724,2720000,-3370.0,2442.002,177.26,47.78
off,off_0085,0,13.81,21.724,2720000,3956.0,2442.002,962.195,47.96
off,off_0086,0,11.034,21.724,2720000,-30232.0,2442.002,602.074,46.9
off,off_0087,0,13.77,21.724,2720000,-928.0,2442.002,21.112,47.95
off,off_0088,0,11.411,21.724,2720000,3956.0,2442.002,988.921,47.06
off,off_0089,0,12.191,21.724,2720000,-928.0,2442.002,328.626,47.38
off,off_0090,0,15.606,21.724,2720000,-5812.0,2442.002,296.951,48.53
off,off_0091,0,15.502,21.724,2720000,33260.1,2442.002,657.38,48.5
off,off_0092,0,12.961,21.724,2720000,-20464.0,2442.002,138.182,47.67
off,off_0093,0,11.865,21.724,2720000,-32674.0,2442.002,153.297,47.25
off,off_0094,0,13.817,21.724,2720000,8840.0,2442.002,64.705,47.97
off,off_0095,0,11.67,21.724,2720000,40586.1,2442.002,141.685,47.17
off,off_0096,0,12.869,21.724,2720000,-25348.0,2442.002,148.322,47.63
off,off_0097,0,13.019,21.724,2720000,-35116.0,2442.002,124.64,47.69
off,off_0098,0,13.578,21.724,2720000,-928.0,2442.002,527.919,47.88
off,off_0099,0,17.436,21.724,2720000,38144.1,2442.002,83.221,49.05
off,off_0100,0,12.308,21.724,2720000,-928.0,2442.002,283.243,47.42
off,off_0101,0,15.653,21.724,2720000,-37558.0,2442.002,204.792,48.55
off,off_0102,0,13.782,21.724,2720000,1514.0,2442.002,885.458,47.95
off,off_0103,0,12.435,21.724,2720000,6398.0,2442.002,147.159,47.47
off,off_0104,0,12.069,21.724,2720000,-27790.0,2442.002,480.772,47.33
off,off_0105,0,14.728,21.724,2720000,-13138.0,2442.002,842.198,48.26
off,off_0106,0,13.316,21.724,2720000,-5812.0,2442.002,907.58,47.79
off,off_0107,0,11.422,21.724,2720000,-13138.0,2442.002,734.399,47.07
off,off_0108,0,11.455,21.724,2720000,-27790.0,2442.002,267.195,47.08
off,off_0109,0,16.087,21.724,2720000,28376.1,2442.002,276.069,48.67
off,off_0110,0,11.832,21.724,2720000,-18022.0,2442.002,137.798,47.23
off,off_0111,0,11.689,21.724,2720000,25934.1,2442.002,653.045,47.18
off,off_0112,0,15.733,21.724,2720000,-928.0,2442.002,952.17,48.57
off,off_0113,0,13.226,21.724,2720000,8840.0,2442.002,352.078,47.76
off,off_0114,0,12.155,21.724,2720000,16166.1,2442.002,88.464,47.36
off,off_0115,0,13.422,21.724,2720000,-37558.0,2442.002,227.63,47.83
off,off_0116,0,11.724,21.724,2720000,-27790.0,2442.002,278.716,47.19
off,off_0117,0,10.367,21.724,2720000,-18022.0,2442.002,176.48,46.6
off,off_0118,0,13.117,21.724,2720000,-15580.0,2442.002,220.61,47.72
off,off_0119,0,16.08,21.724,2720000,3956.0,2442.002,218.052,48.67
off,off_0120,0,12.342,21.724,2720000,-20464.0,2442.002,262.86,47.43
off,off_0121,0,12.782,21.724,2720000,-22906.0,2442.002,254.817,47.6
off,off_0122,0,12.774,21.724,2720000,-18022.0,2442.002,156.417,47.6
off,off_0123,0,11.971,21.724,2720000,-37558.0,2442.002,127.018,47.29
off,off_0124,0,12.632,21.724,2720000,38144.1,2442.002,918.194,47.54
off,off_0125,0,14.52,21.724,2720000,-40000.0,2442.002,560.949,48.2
off,off_0126,0,13.939,21.724,2720000,8840.0,2442.002,196.723,48.01
off,off_0127,0,12.82,21.724,2720000,-5812.0,2442.002,190.61,47.61
off,off_0128,0,13.796,21.724,2720000,-22906.0,2442.002,656.216,47.96
off,off_0129,0,12.493,21.724,2720000,-3370.0,2442.002,268.358,47.49
off,off_0130,0,11.543,21.724,2720000,-27790.0,2442.002,787.25,47.12
off,off_0131,0,13.709,21.724,2720000,-32674.0,2442.002,900.828,47.93
off,off_0132,0,12.397,21.724,2720000,-37558.0,2442.002,617.841,47.46
off,off_0133,0,18.4,21.724,2720000,-928.0,2442.002,88.911,49.29
off,off_0134,0,14.216,21.724,2720000,11282.1,2442.002,102.198,48.1
off,off_0135,0,11.491,21.724,2720000,30818.1,2442.002,101.776,47.1
off,off_0136,0,12.36,21.724,2720000,25934.1,2442.002,173.092,47.44
off,off_0137,0,11.943,21.724,2720000,-27790.0,2442.002,612.662,47.28
off,off_0138,0,13.31,21.724,2720000,1514.0,2442.002,88.745,47.79
off,off_0139,0,13.426,21.724,2720000,-10696.0,2442.002,275.264,47.83
off,off_0140,0,13.783,21.724,2720000,-928.0,2442.002,197.567,47.95
off,off_0141,0,12.203,21.724,2720000,-20464.0,2442.002,752.928,47.38
off,off_0142,0,13.647,21.724,2720000,1514.0,2442.002,71.942,47.91
off,off_0143,0,11.7,21.724,2720000,35702.1,2442.002,340.518,47.18
off,off_0144,0,14.709,21.724,2720000,-13138.0,2442.002,161.775,48.26
off,off_0145,0,14.171,21.724,2720000,6398.0,2442.002,144.678,48.08
off,off_0146,0,11.94,21.724,2720000,1514.0,2442.002,119.819,47.28
off,off_0147,0,11.891,21.724,2720000,-3370.0,2442.002,118.591,47.26
off,off_0148,0,12.883,21.724,2720000,18608.1,2442.002,623.097,47.64
off,off_0149,0,12.859,21.724,2720000,21050.1,2442.002,212.413,47.63
off,off_0150,0,10.991,21.724,2720000,-35116.0,2442.002,170.688,46.88
off,off_0151,0,11.62,21.724,2720000,1514.0,2442.002,421.335,47.15
off,off_0152,0,12.321,21.724,2720000,-10696.0,2442.002,7.404,47.43
off,off_0153,0,11.409,21.724,2720000,33260.1,2442.002,840.663,47.06
off,off_0154,0,10.83,21.724,2720000,-22906.0,2442.002,330.212,46.81
off,off_0155,0,14.697,21.724,2720000,-40000.0,2442.002,264.471,48.25
off,off_0156,0,13.436,21.724,2720000,-18022.0,2442.002,266.658,47.83
off,off_0157,0,12.372,21.724,2720000,25934.1,2442.002,84.871,47.45
off,off_0158,0,12.04,21.724,2720000,-37558.0,2442.002,376.873,47.32
off,off_0159,0,11.528,21.724,2720000,-15580.0,2442.002,124.0,47.11
off,off_0160,0,11.416,21.724,2720000,-32674.0,2442.002,5.575,47.06
off,off_0161,0,15.877,21.724,2720000,23492.1,2442.002,814.295,48.61
off,off_0162,0,12.787,21.724,2720000,38144.1,2442.002,877.785,47.6
off,off_0163,0,13.489,21.724,2720000,-928.0,2442.002,156.813,47.85
off,off_0164,0,13.73,21.724,2720000,23492.1,2442.002,26.381,47.94
off,off_0165,0,12.643,21.724,2720000,35702.1,2442.002,546.435,47.55
off,off_0166,0,12.013,21.724,2720000,21050.1,2442.002,687.341,47.31
off,off_0167,0,10.841,21.724,2720000,-18022.0,2442.002,585.22,46.82
off,off_0168,0,12.076,21.724,2720000,38144.1,2442.002,726.304,47.33
off,off_0169,0,12.589,21.724,2720000,-30232.0,2442.002,635.59,47.53
off,off_0170,0,12.08,21.724,2720000,28376.1,2442.002,371.132,47.33
off,off_0171,0,14.073,21.724,2720000,35702.1,2442.002,263.908,48.05
off,off_0172,0,11.995,21.724,2720000,-20464.0,2442.002,218.142,47.3
off,off_0173,0,13.258,21.724,2720000,3956.0,2442.002,550.924,47.77
off,off_0174,0,15.39,21.724,2720000,-13138.0,2442.002,170.278,48.47
off,off_0175,0,12.493,21.724,2720000,33260.1,2442.002,501.986,47.49
off,off_0176,0,11.543,21.724,2720000,-8254.0,2442.002,36.432,47.12
off,off_0177,0,11.583,21.724,2720000,-32674.0,2442.002,178.884,47.13
off,off_0178,0,12.059,21.724,2720000,3956.0,2442.002,407.678,47.32
off,off_0179,0,11.962,21.724,2720000,-3370.0,2442.002,925.623,47.29
off,off_0180,0,12.091,21.724,2720000,8840.0,2442.002,162.81,47.34
off,off_0181,0,12.223,21.724,2720000,40586.1,2442.002,581.78,47.39
off,off_0182,0,13.748,21.724,2720000,-928.0,2442.002,28.938,47.94
off,off_0183,0,11.988,21.724,2720000,30818.1,2442.002,896.532,47.3
off,off_0184,0,12.489,21.724,2720000,-18022.0,2442.002,175.086,47.49
off,off_0185,0,14.65,21.724,2720000,-13138.0,2442.002,172.682,48.24
off,off_0186,0,16.021,21.724,2720000,-20464.0,2442.002,224.421,48.65
off,off_0187,0,13.831,21.724,2720000,-15580.0,2442.002,85.203,47.97
off,off_0188,0,13.034,21.724,2720000,-18022.0,2442.002,124.589,47.69
off,off_0189,0,11.877,21.724,2720000,1514.0,2442.002,743.747,47.25
off,off_0190,0,11.788,21.724,2720000,18608.1,2442.002,890.56,47.22
off,off_0191,0,12.317,21.724,2720000,-18022.0,2442.002,126.967,47.42
off,off_0192,0,13.824,21.724,2720000,23492.1,2442.002,776.93,47.97
off,off_0193,0,14.14,21.724,2720000,-20464.0,2442.002,167.913,48.07
off,off_0194,0,11.691,21.724,2720000,-928.0,2442.002,168.475,47.18
off,off_0195,0,12.256,21.724,2720000,-32674.0,2442.002,307.552,47.4
off,off_0196,0,13.465,21.724,2720000,-18022.0,2442.002,940.597,47.84
off,off_0197,0,12.15,21.724,2720000,30818.1,2442.002,126.903,47.36
off,off_0198,0,11.891,21.724,2720000,11282.1,2442.002,430.478,47.26
off,off_0199,0,14.257,21.724,2720000,-928.0,2442.002,195.201,48.11
b6,b6_0000,1,87.264,21.724,2720000,21050.1,2442.002,462.639,56.25
b6,b6_0001,1,107.484,21.724,2720000,18608.1,2442.002,450.529,57.16
b6,b6_0002,1,109.083,21.724,2720000,18608.1,2442.002,450.082,57.23
b6,b6_0003,1,108.011,21.724,2720000,18608.1,2442.002,450.516,57.18
b6,b6_0004,1,110.638,21.724,2720000,18608.1,2442.002,450.926,57.29
b6,b6_0005,1,105.875,21.724,2720000,18608.1,2442.002,451.373,57.09
b6,b6_0006,1,100.803,21.724,2720000,18608.1,2442.002,451.821,56.88
b6,b6_0007,1,107.13,21.724,2720000,18608.1,2442.002,452.217,57.15
b6,b6_0008,1,115.028,21.724,2720000,18608.1,2442.002,452.626,57.46
b6,b6_0009,1,112.582,21.724,2720000,18608.1,2442.002,452.959,57.36
b6,b6_0010,1,97.471,21.724,2720000,18608.1,2442.002,465.785,56.73
b6,b6_0011,1,115.838,21.724,2720000,18608.1,2442.002,455.708,57.49
b6,b6_0012,1,107.96,21.724,2720000,18608.1,2442.002,454.186,57.18
b6,b6_0013,1,117.01,21.724,2720000,18608.1,2442.002,454.647,57.53
b6,b6_0014,1,127.1,21.724,2720000,18608.1,2442.002,455.043,57.89
b6,b6_0015,1,99.683,21.724,2720000,18608.1,2442.002,455.504,56.83
b6,b6_0016,1,101.155,21.724,2720000,18608.1,2442.002,455.926,56.89
b6,b6_0017,1,100.776,21.724,2720000,18608.1,2442.002,456.322,56.88
b6,b6_0018,1,91.877,21.724,2720000,18608.1,2442.002,456.757,56.47
b6,b6_0019,1,117.32,21.724,2720000,18608.1,2442.002,457.179,57.54
cn51,cn51_0000,1,36.783,21.724,2720000,18608.1,2442.002,795.191,52.42
cn51,cn51_0001,0,14.797,21.724,2720000,18608.1,2442.002,787.25,48.29
cn51,cn51_0002,1,23.902,21.724,2720000,18608.1,2442.002,786.687,50.49
cn51,cn51_0003,0,21.676,21.724,2720000,18608.1,2442.002,787.122,50.04
cn51,cn51_0004,1,30.503,21.724,2720000,18608.1,2442.002,787.531,51.59
cn51,cn51_0005,1,33.889,21.724,2720000,18608.1,2442.002,787.94,52.06
cn51,cn51_0006,1,35.445,21.724,2720000,18608.1,2442.002,788.413,52.26
cn51,cn51_0007,0,16.331,21.724,2720000,18608.1,2442.002,788.81,48.74
cn51,cn51_0008,1,25.454,21.724,2720000,18608.1,2442.002,789.206,50.77
cn51,cn51_0009,1,32.466,21.724,2720000,18608.1,2442.002,789.5,51.87
cn51,cn51_0010,1,26.35,21.724,2720000,18608.1,2442.002,789.897,50.93
cn51,cn51_0011,1,22.539,21.724,2720000,18608.1,2442.002,802.71,50.22
cn51,cn51_0012,1,27.618,21.724,2720000,18608.1,2442.002,792.646,51.14
cn51,cn51_0013,0,21.346,21.724,2720000,18608.1,2442.002,791.137,49.97
cn51,cn51_0014,0,21.368,21.724,2720000,18608.1,2442.002,791.521,49.98
cn51,cn51_0015,1,24.828,21.724,2720000,18608.1,2442.002,792.045,50.66
cn51,cn51_0016,1,36.362,21.724,2720000,18608.1,2442.002,792.313,52.37
cn51,cn51_0017,0,14.104,21.724,2720000,18608.1,2442.002,792.851,48.06
cn51,cn51_0018,1,22.137,21.724,2720000,18608.1,2442.002,793.298,50.14
cn51,cn51_0019,0,16.077,21.724,2720000,18608.1,2442.002,793.643,48.67
cn51,cn51_0020,0,16.058,21.724,2720000,18608.1,2442.002,794.053,48.67
cn51,cn51_0021,0,13.917,21.724,2720000,18608.1,2442.002,794.449,48.0
cn51,cn51_0022,1,22.205,21.724,2720000,18608.1,2442.002,794.884,50.15
cn51,cn51_0023,1,34.665,21.724,2720000,18608.1,2442.002,795.37,52.16
cn51,cn51_0024,1,26.614,21.724,2720000,18608.1,2442.002,795.689,50.97
cn51,cn51_0025,0,15.579,21.724,2720000,18608.1,2442.002,796.163,48.52
cn51,cn51_0026,1,22.163,21.724,2720000,21050.1,2442.002,796.559,50.14
cn51,cn51_0027,0,17.052,21.724,2720000,18608.1,2442.002,796.994,48.94
cn51,cn51_0028,1,28.546,21.724,2720000,18608.1,2442.002,797.39,51.29
cn51,cn51_0029,1,27.648,21.724,2720000,18608.1,2442.002,797.633,51.14
cn51,cn51_0030,0,19.511,21.724,2720000,18608.1,2442.002,801.239,49.56
cn51,cn51_0031,1,29.386,21.724,2720000,18608.1,2442.002,799.321,51.42
cn51,cn51_0032,1,21.907,21.724,2720000,18608.1,2442.002,798.873,50.09
cn51,cn51_0033,1,35.539,21.724,2720000,18608.1,2442.002,799.257,52.27
cn51,cn51_0034,1,44.263,21.724,2720000,18608.1,2442.002,799.769,53.25
cn51,cn51_0035,0,14.523,21.724,2720000,18608.1,2442.002,800.178,48.2
cn51,cn51_0036,1,24.043,21.724,2720000,18608.1,2442.002,800.613,50.51
cn51,cn51_0037,1,22.319,21.724,2720000,18608.1,2442.002,800.779,50.18
cn51,cn51_0038,1,24.67,21.724,2720000,18608.1,2442.002,801.405,50.63
cn51,cn51_0039,1,23.65,21.724,2720000,18608.1,2442.002,801.815,50.44
cn51,cn51_0040,1,28.09,21.724,2720000,18608.1,2442.002,802.262,51.22
cn51,cn51_0041,0,15.053,21.724,2720000,18608.1,2442.002,802.646,48.37
cn51,cn51_0042,1,30.303,21.724,2720000,18608.1,2442.002,803.081,51.56
cn51,cn51_0043,1,24.069,21.724,2720000,18608.1,2442.002,803.528,50.52
cn51,cn51_0044,0,18.378,21.724,2720000,18608.1,2442.002,803.95,49.29
cn51,cn51_0045,1,23.167,21.724,2720000,18608.1,2442.002,804.257,50.34
cn51,cn51_0046,0,20.547,21.724,2720000,18608.1,2442.002,804.73,49.8
cn51,cn51_0047,0,20.045,21.724,2720000,18608.1,2442.002,805.139,49.69
cn51,cn51_0048,0,16.441,21.724,2720000,18608.1,2442.002,805.395,48.77
cn51,cn51_0049,0,20.57,21.724,2720000,18608.1,2442.002,809.052,49.8
cn51,cn51_0050,0,19.968,21.724,2720000,18608.1,2442.002,807.07,49.67
cn51,cn51_0051,0,14.933,21.724,2720000,18608.1,2442.002,806.687,48.33
cn51,cn51_0052,0,21.08,21.724,2720000,18608.1,2442.002,807.083,49.92
cn51,cn51_0053,0,20.71,21.724,2720000,18608.1,2442.002,807.479,49.83
cn51,cn51_0054,1,27.497,21.724,2720000,18608.1,2442.002,807.901,51.12
cn51,cn51_0055,0,20.249,21.724,2720000,18608.1,2442.002,808.285,49.73
cn51,cn51_0056,0,20.473,21.724,2720000,18608.1,2442.002,808.72,49.78
cn51,cn51_0057,0,13.033,21.724,2720000,18608.1,2442.002,809.193,47.69
cn51,cn51_0058,1,27.522,21.724,2720000,18608.1,2442.002,809.564,51.12
cn51,cn51_0059,1,23.555,21.724,2720000,18608.1,2442.002,809.973,50.42
cn51,cn51_0060,0,20.504,21.724,2720000,18608.1,2442.002,810.51,49.79
cn51,cn51_0061,1,24.584,21.724,2720000,18608.1,2442.002,810.894,50.61
cn51,cn51_0062,1,30.826,21.724,2720000,18608.1,2442.002,811.213,51.63
cn51,cn51_0063,1,32.82,21.724,2720000,18608.1,2442.002,811.687,51.91
cn51,cn51_0064,1,29.487,21.724,2720000,18608.1,2442.002,812.057,51.43
cn51,cn51_0065,1,26.465,21.724,2720000,18608.1,2442.002,812.556,50.95
cn51,cn51_0066,0,21.443,21.724,2720000,18608.1,2442.002,812.863,49.99
cn51,cn51_0067,0,18.004,21.724,2720000,21050.1,2442.002,816.354,49.19
cn51,cn51_0068,0,15.765,21.724,2720000,18608.1,2442.002,814.257,48.58
cn51,cn51_0069,1,24.248,21.724,2720000,18608.1,2442.002,813.95,50.55
cn51,cn51_0070,1,24.381,21.724,2720000,18608.1,2442.002,814.398,50.58
cn51,cn51_0071,1,26.901,21.724,2720000,18608.1,2442.002,814.845,51.02
cn51,cn51_0072,1,32.299,21.724,2720000,18608.1,2442.002,815.318,51.84
cn51,cn51_0073,0,17.957,21.724,2720000,18608.1,2442.002,815.625,49.18
cn51,cn51_0074,0,16.895,21.724,2720000,18608.1,2442.002,816.175,48.9
cn51,cn51_0075,0,19.714,21.724,2720000,18608.1,2442.002,816.495,49.61
cn51,cn51_0076,1,39.671,21.724,2720000,18608.1,2442.002,816.904,52.76
cn51,cn51_0077,1,24.472,21.724,2720000,18608.1,2442.002,817.339,50.59
cn51,cn51_0078,1,32.429,21.724,2720000,18608.1,2442.002,817.735,51.86
cn51,cn51_0079,1,28.457,21.724,2720000,18608.1,2442.002,818.234,51.27
cn51,cn51_0080,0,13.202,21.724,2720000,23492.1,2442.002,705.601,47.75
cn51,cn51_0081,1,39.44,21.724,2720000,18608.1,2442.002,819.027,52.74
cn51,cn51_0082,1,28.371,21.724,2720000,18608.1,2442.002,819.461,51.26
cn51,cn51_0083,0,20.682,21.724,2720000,18608.1,2442.002,819.909,49.83
cn51,cn51_0084,0,14.821,21.724,2720000,21050.1,2442.002,820.305,48.29
cn51,cn51_0085,0,18.597,21.724,2720000,18608.1,2442.002,820.599,49.34
cn51,cn51_0086,0,20.029,21.724,2720000,21050.1,2442.002,824.218,49.68
cn51,cn51_0087,0,17.422,21.724,2720000,18608.1,2442.002,822.287,49.04
cn51,cn51_0088,0,20.316,21.724,2720000,18608.1,2442.002,821.878,49.75
cn51,cn51_0089,1,27.497,21.724,2720000,18608.1,2442.002,822.313,51.12
cn51,cn51_0090,1,33.655,21.724,2720000,18608.1,2442.002,822.658,52.03
cn51,cn51_0091,1,28.358,21.724,2720000,18608.1,2442.002,823.093,51.26
cn51,cn51_0092,1,31.819,21.724,2720000,18608.1,2442.002,823.528,51.78
cn51,cn51_0093,0,15.712,21.724,2720000,18608.1,2442.002,823.924,48.56
cn51,cn51_0094,1,23.857,21.724,2720000,18608.1,2442.002,824.385,50.48
cn51,cn51_0095,1,24.053,21.724,2720000,18608.1,2442.002,824.794,50.52
cn51,cn51_0096,1,35.267,21.724,2720000,18608.1,2442.002,825.203,52.24
cn51,cn51_0097,1,22.102,21.724,2720000,18608.1,2442.002,825.625,50.13
cn51,cn51_0098,0,21.689,21.724,2720000,18608.1,2442.002,826.021,50.05
cn51,cn51_0099,1,32.268,21.724,2720000,18608.1,2442.002,826.469,51.84
cn51,cn51_0100,1,27.409,21.724,2720000,18608.1,2442.002,826.891,51.11
cn51,cn51_0101,1,21.816,21.724,2720000,18608.1,2442.002,827.287,50.07
cn51,cn51_0102,0,18.565,21.724,2720000,18608.1,2442.002,827.684,49.33
cn51,cn51_0103,1,23.17,21.724,2720000,18608.1,2442.002,828.144,50.35
cn51,cn51_0104,1,28.325,21.724,2720000,18608.1,2442.002,828.4,51.25
cn51,cn51_0105,0,13.609,21.724,2720000,-15580.0,2442.002,16.163,47.89
cn51,cn51_0106,0,17.494,21.724,2720000,18608.1,2442.002,830.049,49.06
cn51,cn51_0107,0,19.81,21.724,2720000,18608.1,2442.002,829.525,49.63
cn51,cn51_0108,0,13.353,21.724,2720000,18608.1,2442.002,830.062,47.81
cn51,cn51_0109,1,29.168,21.724,2720000,21050.1,2442.002,830.497,51.39
cn51,cn51_0110,1,30.011,21.724,2720000,18608.1,2442.002,830.906,51.51
cn51,cn51_0111,1,33.878,21.724,2720000,18608.1,2442.002,831.2,52.06
cn51,cn51_0112,1,23.719,21.724,2720000,18608.1,2442.002,831.763,50.45
cn51,cn51_0113,1,34.79,21.724,2720000,18608.1,2442.002,832.185,52.18
cn51,cn51_0114,0,14.135,21.724,2720000,18608.1,2442.002,832.722,48.07
cn51,cn51_0115,0,19.271,21.724,2720000,18608.1,2442.002,833.029,49.51
cn51,cn51_0116,0,20.892,21.724,2720000,18608.1,2442.002,833.413,49.87
cn51,cn51_0117,0,21.497,21.724,2720000,18608.1,2442.002,833.937,50.0
cn51,cn51_0118,0,15.178,21.724,2720000,18608.1,2442.002,834.244,48.4
cn51,cn51_0119,1,26.505,21.724,2720000,18608.1,2442.002,834.64,50.95
cn51,cn51_0120,0,13.813,21.724,2720000,18608.1,2442.002,835.126,47.96
cn51,cn51_0121,1,28.875,21.724,2720000,18608.1,2442.002,835.42,51.34
cn51,cn51_0122,1,25.145,21.724,2720000,21050.1,2442.002,835.957,50.72
cn51,cn51_0123,0,12.062,21.724,2720000,18608.1,2442.002,836.226,47.33
cn51,cn51_0124,1,28.842,21.724,2720000,18608.1,2442.002,839.896,51.33
cn51,cn51_0125,0,20.662,21.724,2720000,18608.1,2442.002,837.888,49.82
cn51,cn51_0126,0,14.714,21.724,2720000,18608.1,2442.002,837.479,48.26
cn51,cn51_0127,0,19.195,21.724,2720000,18608.1,2442.002,837.901,49.49
cn51,cn51_0128,1,27.235,21.724,2720000,18608.1,2442.002,838.297,51.08
cn51,cn51_0129,1,25.062,21.724,2720000,18608.1,2442.002,838.719,50.7
cn51,cn51_0130,1,23.755,21.724,2720000,18608.1,2442.002,839.218,50.46
cn51,cn51_0131,0,21.624,21.724,2720000,18608.1,2442.002,839.653,50.03
cn51,cn51_0132,1,22.485,21.724,2720000,18608.1,2442.002,839.96,50.21
cn51,cn51_0133,1,22.307,21.724,2720000,18608.1,2442.002,840.433,50.17
cn51,cn51_0134,0,20.089,21.724,2720000,18608.1,2442.002,840.855,49.7
cn51,cn51_0135,0,19.337,21.724,2720000,18608.1,2442.002,841.277,49.52
cn51,cn51_0136,1,29.889,21.724,2720000,18608.1,2442.002,841.699,51.5
cn51,cn51_0137,1,22.588,21.724,2720000,18608.1,2442.002,842.095,50.23
cn51,cn51_0138,0,20.32,21.724,2720000,21050.1,2442.002,842.504,49.75
cn51,cn51_0139,0,21.267,21.724,2720000,21050.1,2442.002,842.965,49.96
cn51,cn51_0140,0,13.203,21.724,2720000,-22906.0,2442.002,534.901,47.75
cn51,cn51_0141,1,24.912,21.724,2720000,18608.1,2442.002,843.809,50.67
cn51,cn51_0142,1,27.178,21.724,2720000,21050.1,2442.002,844.077,51.07
cn51,cn51_0143,0,15.182,21.724,2720000,18608.1,2442.002,847.671,48.41
cn51,cn51_0144,1,27.268,21.724,2720000,18608.1,2442.002,845.765,51.08
cn51,cn51_0145,0,18.69,21.724,2720000,18608.1,2442.002,845.305,49.36
cn51,cn51_0146,1,30.482,21.724,2720000,21050.1,2442.002,845.74,51.58
cn51,cn51_0147,1,34.691,21.724,2720000,18608.1,2442.002,846.2,52.16
cn51,cn51_0148,0,16.764,21.724,2720000,18608.1,2442.002,846.571,48.86
cn51,cn51_0149,0,19.018,21.724,2720000,21050.1,2442.002,847.006,49.44
cn51,cn51_0150,1,21.786,21.724,2720000,18608.1,2442.002,847.274,50.07
cn51,cn51_0151,1,25.436,21.724,2720000,18608.1,2442.002,847.862,50.77
cn51,cn51_0152,1,23.528,21.724,2720000,18608.1,2442.002,848.272,50.41
cn51,cn51_0153,0,20.53,21.724,2720000,21050.1,2442.002,848.732,49.79
cn51,cn51_0154,0,17.41,21.724,2720000,18608.1,2442.002,849.09,49.04
cn51,cn51_0155,1,31.556,21.724,2720000,18608.1,2442.002,849.512,51.74
cn51,cn51_0156,1,32.516,21.724,2720000,18608.1,2442.002,849.96,51.87
cn51,cn51_0157,1,22.423,21.724,2720000,18608.1,2442.002,850.42,50.2
cn51,cn51_0158,0,19.638,21.724,2720000,18608.1,2442.002,850.714,49.59
cn51,cn51_0159,0,21.081,21.724,2720000,18608.1,2442.002,851.162,49.92
cn51,cn51_0160,0,17.739,21.724,2720000,18608.1,2442.002,851.443,49.12
cn51,cn51_0161,0,21.305,21.724,2720000,18608.1,2442.002,851.865,49.96
cn51,cn51_0162,1,21.974,21.724,2720000,18608.1,2442.002,855.548,50.1
cn51,cn51_0163,0,16.182,21.724,2720000,18608.1,2442.002,853.604,48.7
cn51,cn51_0164,0,20.453,21.724,2720000,21050.1,2442.002,853.22,49.78
cn51,cn51_0165,1,29.453,21.724,2720000,18608.1,2442.002,853.578,51.43
cn51,cn51_0166,0,19.958,21.724,2720000,18608.1,2442.002,853.962,49.67
cn51,cn51_0167,0,19.692,21.724,2720000,18608.1,2442.002,854.435,49.6
cn51,cn51_0168,1,31.955,21.724,2720000,18608.1,2442.002,854.896,51.8
cn51,cn51_0169,1,26.312,21.724,2720000,18608.1,2442.002,855.228,50.92
cn51,cn51_0170,0,20.829,21.724,2720000,18608.1,2442.002,855.612,49.86
cn51,cn51_0171,1,26.741,21.724,2720000,18608.1,2442.002,856.046,50.99
cn51,cn51_0172,0,20.485,21.724,2720000,21050.1,2442.002,856.443,49.78
cn51,cn51_0173,1,28.806,21.724,2720000,18608.1,2442.002,856.954,51.33
cn51,cn51_0174,1,32.862,21.724,2720000,18608.1,2442.002,857.44,51.92
cn51,cn51_0175,0,20.548,21.724,2720000,18608.1,2442.002,857.811,49.8
cn51,cn51_0176,0,20.197,21.724,2720000,18608.1,2442.002,858.169,49.72
cn51,cn51_0177,0,17.968,21.724,2720000,21050.1,2442.002,858.693,49.18
cn51,cn51_0178,0,16.578,21.724,2720000,18608.1,2442.002,859.077,48.81
cn51,cn51_0179,1,23.072,21.724,2720000,21050.1,2442.002,859.397,50.33
cn51,cn51_0180,1,28.564,21.724,2720000,18608.1,2442.002,862.99,51.29
cn51,cn51_0181,1,21.806,21.724,2720000,18608.1,2442.002,861.097,50.07
cn51,cn51_0182,0,18.086,21.724,2720000,18608.1,2442.002,860.56,49.21
cn51,cn51_0183,0,18.638,21.724,2720000,21050.1,2442.002,860.906,49.35
cn51,cn51_0184,0,18.91,21.724,2720000,18608.1,2442.002,861.443,49.42
cn51,cn51_0185,0,15.93,21.724,2720000,18608.1,2442.002,861.865,48.63
cn51,cn51_0186,0,15.913,21.724,2720000,-25348.0,2442.002,424.404,48.62
cn51,cn51_0187,0,21.166,21.724,2720000,18608.1,2442.002,862.683,49.93
cn51,cn51_0188,1,26.523,21.724,2720000,18608.1,2442.002,863.118,50.96
cn51,cn51_0189,1,32.215,21.724,2720000,18608.1,2442.002,863.578,51.83
cn51,cn51_0190,1,26.208,21.724,2720000,18608.1,2442.002,863.975,50.9
cn51,cn51_0191,1,23.945,21.724,2720000,18608.1,2442.002,864.499,50.49
cn51,cn51_0192,0,16.645,21.724,2720000,18608.1,2442.002,864.844,48.83
cn51,cn51_0193,1,24.01,21.724,2720000,18608.1,2442.002,865.241,50.51
cn51,cn51_0194,1,23.555,21.724,2720000,21050.1,2442.002,865.573,50.42
cn51,cn51_0195,1,22.9,21.724,2720000,18608.1,2442.002,866.161,50.29
cn51,cn51_0196,0,19.563,21.724,2720000,18608.1,2442.002,866.507,49.57
cn51,cn51_0197,0,19.375,21.724,2720000,18608.1,2442.002,866.865,49.53
cn51,cn51_0198,0,19.67,21.724,2720000,18608.1,2442.002,867.197,49.6
cn51,cn51_0199,1,29.241,21.724,2720000,18608.1,2442.002,870.829,51.4
b7,b7_0000,1,97.687,21.724,2720000,18608.1,2442.002,989.305,56.74
b7,b7_0001,1,124.979,21.724,2720000,18608.1,2442.002,977.182,57.82
b7,b7_0002,1,116.355,21.724,2720000,18608.1,2442.002,976.76,57.51
b7,b7_0003,1,125.364,21.724,2720000,18608.1,2442.002,977.17,57.83
b7,b7_0004,1,118.618,21.724,2720000,18608.1,2442.002,977.579,57.59
b7,b7_0005,1,104.9,21.724,2720000,18608.1,2442.002,977.988,57.05
b7,b7_0006,1,124.217,21.724,2720000,18608.1,2442.002,990.839,57.79
b7,b7_0007,1,117.413,21.724,2720000,18608.1,2442.002,980.75,57.55
b7,b7_0008,1,119.058,21.724,2720000,18608.1,2442.002,979.139,57.61
b7,b7_0009,1,103.634,21.724,2720000,18608.1,2442.002,979.548,57.0
b7,b7_0010,1,114.526,21.724,2720000,18608.1,2442.002,979.932,57.44
b7,b7_0011,1,113.791,21.724,2720000,18608.1,2442.002,980.366,57.41
b7,b7_0012,1,118.551,21.724,2720000,18608.1,2442.002,980.801,57.59
b7,b7_0013,1,117.796,21.724,2720000,18608.1,2442.002,981.198,57.56
b7,b7_0014,1,120.947,21.724,2720000,18608.1,2442.002,981.645,57.68
b7,b7_0015,1,106.113,21.724,2720000,18608.1,2442.002,982.029,57.1
b7,b7_0016,1,105.312,21.724,2720000,18608.1,2442.002,982.464,57.07
b7,b7_0017,1,118.5,21.724,2720000,18608.1,2442.002,982.847,57.59
b7,b7_0018,1,106.274,21.724,2720000,18608.1,2442.002,983.295,57.11
b7,b7_0019,1,108.634,21.724,2720000,18608.1,2442.002,983.704,57.21
cn53,cn53_0000,1,37.875,21.724,2720000,18608.1,2442.002,79.078,52.56
cn53,cn53_0001,1,34.821,21.724,2720000,18608.1,2442.002,71.047,52.18
cn53,cn53_0002,1,43.702,21.724,2720000,18608.1,2442.002,70.651,53.19
cn53,cn53_0003,1,33.414,21.724,2720000,18608.1,2442.002,70.907,52.0
cn53,cn53_0004,1,32.376,21.724,2720000,18608.1,2442.002,71.38,51.85
cn53,cn53_0005,1,39.046,21.724,2720000,18608.1,2442.002,71.712,52.69
cn53,cn53_0006,1,31.777,21.724,2720000,18608.1,2442.002,72.121,51.77
cn53,cn53_0007,1,25.479,21.724,2720000,18608.1,2442.002,72.492,50.78
cn53,cn53_0008,1,32.054,21.724,2720000,18608.1,2442.002,73.029,51.81
cn53,cn53_0009,1,30.014,21.724,2720000,18608.1,2442.002,73.464,51.51
cn53,cn53_0010,1,35.64,21.724,2720000,18608.1,2442.002,73.886,52.28
cn53,cn53_0011,1,50.019,21.724,2720000,18608.1,2442.002,74.244,53.79
cn53,cn53_0012,1,35.655,21.724,2720000,18608.1,2442.002,74.743,52.29
cn53,cn53_0013,1,37.818,21.724,2720000,18608.1,2442.002,75.075,52.55
cn53,cn53_0014,1,37.33,21.724,2720000,18608.1,2442.002,75.472,52.49
cn53,cn53_0015,1,29.398,21.724,2720000,18608.1,2442.002,75.881,51.42
cn53,cn53_0016,1,27.068,21.724,2720000,18608.1,2442.002,76.354,51.05
cn53,cn53_0017,1,46.031,21.724,2720000,18608.1,2442.002,76.725,53.42
cn53,cn53_0018,1,32.543,21.724,2720000,18608.1,2442.002,77.121,51.88
cn53,cn53_0019,1,42.721,21.724,2720000,18608.1,2442.002,89.998,53.09
cn53,cn53_0020,1,27.004,21.724,2720000,18608.1,2442.002,79.896,51.04
cn53,cn53_0021,1,42.894,21.724,2720000,18608.1,2442.002,78.336,53.11
cn53,cn53_0022,1,42.198,21.724,2720000,18608.1,2442.002,78.643,53.04
cn53,cn53_0023,1,34.882,21.724,2720000,18608.1,2442.002,79.091,52.19
cn53,cn53_0024,1,34.082,21.724,2720000,18608.1,2442.002,79.513,52.08
cn53,cn53_0025,1,38.482,21.724,2720000,18608.1,2442.002,79.909,52.63
cn53,cn53_0026,1,29.575,21.724,2720000,18608.1,2442.002,80.293,51.45
cn53,cn53_0027,1,31.809,21.724,2720000,18608.1,2442.002,80.74,51.77
cn53,cn53_0028,1,41.825,21.724,2720000,18608.1,2442.002,81.149,53.0
cn53,cn53_0029,0,19.143,21.724,2720000,21050.1,2442.002,81.789,49.47
cn53,cn53_0030,1,40.82,21.724,2720000,18608.1,2442.002,81.942,52.89
cn53,cn53_0031,1,32.344,21.724,2720000,18608.1,2442.002,82.377,51.85
cn53,cn53_0032,1,47.514,21.724,2720000,18608.1,2442.002,82.825,53.56
cn53,cn53_0033,1,33.452,21.724,2720000,18608.1,2442.002,83.259,52.0
cn53,cn53_0034,1,39.671,21.724,2720000,21050.1,2442.002,83.605,52.76
cn53,cn53_0035,1,37.756,21.724,2720000,18608.1,2442.002,84.052,52.54
cn53,cn53_0036,1,37.11,21.724,2720000,18608.1,2442.002,84.525,52.46
cn53,cn53_0037,1,40.815,21.724,2720000,18608.1,2442.002,88.157,52.89
cn53,cn53_0038,1,37.631,21.724,2720000,18608.1,2442.002,86.188,52.53
cn53,cn53_0039,1,30.004,21.724,2720000,18608.1,2442.002,85.753,51.51
cn53,cn53_0040,1,32.986,21.724,2720000,18608.1,2442.002,86.264,51.94
cn53,cn53_0041,1,42.889,21.724,2720000,18608.1,2442.002,86.469,53.11
cn53,cn53_0042,1,37.729,21.724,2720000,18608.1,2442.002,86.865,52.54
cn53,cn53_0043,1,38.051,21.724,2720000,18608.1,2442.002,87.275,52.58
cn53,cn53_0044,1,27.772,21.724,2720000,18608.1,2442.002,87.671,51.16
cn53,cn53_0045,1,31.898,21.724,2720000,18608.1,2442.002,88.131,51.79
cn53,cn53_0046,1,26.292,21.724,2720000,18608.1,2442.002,88.566,50.92
cn53,cn53_0047,1,27.779,21.724,2720000,18608.1,2442.002,89.001,51.17
cn53,cn53_0048,0,21.476,21.724,2720000,18608.1,2442.002,89.397,50.0
cn53,cn53_0049,1,40.652,21.724,2720000,18608.1,2442.002,89.807,52.87
cn53,cn53_0050,1,34.284,21.724,2720000,18608.1,2442.002,90.165,52.11
cn53,cn53_0051,1,29.212,21.724,2720000,18608.1,2442.002,90.651,51.39
cn53,cn53_0052,1,25.937,21.724,2720000,18608.1,2442.002,91.047,50.86
cn53,cn53_0053,1,43.281,21.724,2720000,18608.1,2442.002,91.431,53.15
cn53,cn53_0054,1,31.521,21.724,2720000,18608.1,2442.002,91.801,51.73
cn53,cn53_0055,1,33.619,21.724,2720000,18608.1,2442.002,92.313,52.02
cn53,cn53_0056,1,31.925,21.724,2720000,18608.1,2442.002,95.855,51.79
cn53,cn53_0057,1,37.899,21.724,2720000,18608.1,2442.002,93.95,52.56
cn53,cn53_0058,1,21.792,21.724,2720000,21050.1,2442.002,93.438,50.07
cn53,cn53_0059,1,28.254,21.724,2720000,18608.1,2442.002,93.937,51.24
cn53,cn53_0060,1,37.324,21.724,2720000,18608.1,2442.002,94.257,52.49
cn53,cn53_0061,1,31.621,21.724,2720000,18608.1,2442.002,94.564,51.75
cn53,cn53_0062,1,32.357,21.724,2720000,18608.1,2442.002,95.062,51.85
cn53,cn53_0063,1,36.859,21.724,2720000,18608.1,2442.002,95.484,52.43
cn53,cn53_0064,1,28.361,21.724,2720000,18608.1,2442.002,95.932,51.26
cn53,cn53_0065,1,32.794,21.724,2720000,18608.1,2442.002,96.341,51.91
cn53,cn53_0066,0,19.894,21.724,2720000,18608.1,2442.002,96.763,49.65
cn53,cn53_0067,1,33.476,21.724,2720000,18608.1,2442.002,97.236,52.0
cn53,cn53_0068,1,27.399,21.724,2720000,18608.1,2442.002,97.594,51.1
cn53,cn53_0069,1,31.344,21.724,2720000,18608.1,2442.002,98.003,51.71
cn53,cn53_0070,1,39.265,21.724,2720000,18608.1,2442.002,98.425,52.72
cn53,cn53_0071,1,35.545,21.724,2720000,18608.1,2442.002,98.719,52.27
cn53,cn53_0072,1,31.518,21.724,2720000,18608.1,2442.002,99.218,51.73
cn53,cn53_0073,1,37.065,21.724,2720000,18608.1,2442.002,99.691,52.46
cn53,cn53_0074,1,34.36,21.724,2720000,18608.1,2442.002,100.101,52.12
cn53,cn53_0075,1,49.355,21.724,2720000,18608.1,2442.002,103.758,53.73
cn53,cn53_0076,1,32.158,21.724,2720000,18608.1,2442.002,101.788,51.82
cn53,cn53_0077,1,43.336,21.724,2720000,18608.1,2442.002,101.367,53.15
cn53,cn53_0078,1,42.052,21.724,2720000,18608.1,2442.002,101.814,53.02
cn53,cn53_0079,1,38.987,21.724,2720000,18608.1,2442.002,102.083,52.68
cn53,cn53_0080,1,40.771,21.724,2720000,18608.1,2442.002,102.466,52.88
cn53,cn53_0081,1,35.41,21.724,2720000,18608.1,2442.002,102.863,52.25
cn53,cn53_0082,1,29.282,21.724,2720000,18608.1,2442.002,103.297,51.4
cn53,cn53_0083,1,32.784,21.724,2720000,18608.1,2442.002,103.707,51.91
cn53,cn53_0084,1,30.016,21.724,2720000,18608.1,2442.002,104.218,51.51
cn53,cn53_0085,1,28.675,21.724,2720000,18608.1,2442.002,104.627,51.31
cn53,cn53_0086,1,25.476,21.724,2720000,18608.1,2442.002,104.96,50.78
cn53,cn53_0087,1,33.016,21.724,2720000,18608.1,2442.002,105.369,51.94
cn53,cn53_0088,1,30.888,21.724,2720000,18608.1,2442.002,105.791,51.64
cn53,cn53_0089,1,24.657,21.724,2720000,18608.1,2442.002,106.226,50.63
cn53,cn53_0090,1,35.637,21.724,2720000,18608.1,2442.002,106.648,52.28
cn53,cn53_0091,1,41.87,21.724,2720000,18608.1,2442.002,107.095,53.0
cn53,cn53_0092,1,23.568,21.724,2720000,18608.1,2442.002,107.466,50.42
cn53,cn53_0093,1,38.338,21.724,2720000,18608.1,2442.002,107.888,52.61
cn53,cn53_0094,1,31.675,21.724,2720000,18608.1,2442.002,111.597,51.76
cn53,cn53_0095,1,29.909,21.724,2720000,18608.1,2442.002,109.602,51.5
cn53,cn53_0096,1,28.001,21.724,2720000,18608.1,2442.002,109.141,51.2
cn53,cn53_0097,1,34.805,21.724,2720000,18608.1,2442.002,109.602,52.18
cn53,cn53_0098,1,39.14,21.724,2720000,18608.1,2442.002,109.883,52.7
cn53,cn53_0099,1,38.978,21.724,2720000,18608.1,2442.002,110.292,52.68
cn53,cn53_0100,1,25.07,21.724,2720000,18608.1,2442.002,110.65,50.7
cn53,cn53_0101,1,27.217,21.724,2720000,18608.1,2442.002,111.111,51.07
cn53,cn53_0102,1,25.773,21.724,2720000,18608.1,2442.002,111.52,50.83
cn53,cn53_0103,1,29.001,21.724,2720000,18608.1,2442.002,111.942,51.36
cn53,cn53_0104,1,32.135,21.724,2720000,18608.1,2442.002,112.415,51.82
cn53,cn53_0105,1,34.132,21.724,2720000,18608.1,2442.002,112.824,52.09
cn53,cn53_0106,1,25.376,21.724,2720000,18608.1,2442.002,113.221,50.76
cn53,cn53_0107,1,32.712,21.724,2720000,18608.1,2442.002,113.604,51.9
cn53,cn53_0108,1,28.548,21.724,2720000,21050.1,2442.002,114.052,51.29
cn53,cn53_0109,1,27.198,21.724,2720000,18608.1,2442.002,114.474,51.07
cn53,cn53_0110,1,30.129,21.724,2720000,18608.1,2442.002,114.921,51.53
cn53,cn53_0111,1,36.478,21.724,2720000,18608.1,2442.002,115.33,52.39
cn53,cn53_0112,1,24.972,21.724,2720000,18608.1,2442.002,115.676,50.68
cn53,cn53_0113,1,38.974,21.724,2720000,18608.1,2442.002,119.346,52.68
cn53,cn53_0114,1,21.994,21.724,2720000,18608.1,2442.002,117.428,50.11
cn53,cn53_0115,1,39.981,21.724,2720000,18608.1,2442.002,116.929,52.8
cn53,cn53_0116,1,28.733,21.724,2720000,18608.1,2442.002,117.287,51.32
cn53,cn53_0117,1,47.228,21.724,2720000,18608.1,2442.002,117.722,53.54
cn53,cn53_0118,1,27.314,21.724,2720000,18608.1,2442.002,118.016,51.09
cn53,cn53_0119,1,38.295,21.724,2720000,18608.1,2442.002,118.515,52.6
cn53,cn53_0120,1,35.612,21.724,2720000,18608.1,2442.002,118.975,52.28
cn53,cn53_0121,1,36.871,21.724,2720000,18608.1,2442.002,119.371,52.44
cn53,cn53_0122,1,29.437,21.724,2720000,18608.1,2442.002,119.781,51.43
cn53,cn53_0123,1,42.968,21.724,2720000,18608.1,2442.002,120.215,53.12
cn53,cn53_0124,1,43.043,21.724,2720000,18608.1,2442.002,120.612,53.12
cn53,cn53_0125,1,29.496,21.724,2720000,18608.1,2442.002,121.021,51.44
cn53,cn53_0126,1,24.011,21.724,2720000,18608.1,2442.002,121.43,50.51
cn53,cn53_0127,1,32.691,21.724,2720000,18608.1,2442.002,121.865,51.9
cn53,cn53_0128,1,33.469,21.724,2720000,18608.1,2442.002,122.249,52.0
cn53,cn53_0129,1,23.937,21.724,2720000,18608.1,2442.002,122.786,50.49
cn53,cn53_0130,1,37.762,21.724,2720000,18608.1,2442.002,123.169,52.54
cn53,cn53_0131,1,32.559,21.724,2720000,18608.1,2442.002,123.553,51.88
cn53,cn53_0132,1,42.822,21.724,2720000,18608.1,2442.002,127.184,53.1
cn53,cn53_0133,1,23.625,21.724,2720000,18608.1,2442.002,125.266,50.43
cn53,cn53_0134,1,47.349,21.724,2720000,18608.1,2442.002,124.768,53.55
cn53,cn53_0135,1,38.938,21.724,2720000,18608.1,2442.002,125.177,52.68
cn53,cn53_0136,1,35.471,21.724,2720000,18608.1,2442.002,125.509,52.26
cn53,cn53_0137,1,31.903,21.724,2720000,18608.1,2442.002,125.982,51.79
cn53,cn53_0138,0,17.662,21.724,2720000,21050.1,2442.002,126.417,49.11
cn53,cn53_0139,1,28.344,21.724,2720000,18608.1,2442.002,126.801,51.26
cn53,cn53_0140,1,40.591,21.724,2720000,18608.1,2442.002,127.248,52.86
cn53,cn53_0141,1,38.211,21.724,2720000,18608.1,2442.002,127.504,52.59
cn53,cn53_0142,1,25.51,21.724,2720000,18608.1,2442.002,128.041,50.78
cn53,cn53_0143,1,38.933,21.724,2720000,18608.1,2442.002,128.45,52.68
cn53,cn53_0144,1,41.726,21.724,2720000,18608.1,2442.002,128.898,52.99
cn53,cn53_0145,1,34.092,21.724,2720000,18608.1,2442.002,129.282,52.08
cn53,cn53_0146,1,37.068,21.724,2720000,18608.1,2442.002,129.78,52.46
cn53,cn53_0147,1,43.173,21.724,2720000,18608.1,2442.002,130.151,53.14
cn53,cn53_0148,1,36.613,21.724,2720000,18608.1,2442.002,130.56,52.4
cn53,cn53_0149,1,35.639,21.724,2720000,18608.1,2442.002,130.982,52.28
cn53,cn53_0150,1,38.559,21.724,2720000,18608.1,2442.002,134.665,52.63
cn53,cn53_0151,1,29.451,21.724,2720000,18608.1,2442.002,132.645,51.43
cn53,cn53_0152,1,24.708,21.724,2720000,21050.1,2442.002,132.325,50.64
cn53,cn53_0153,1,33.087,21.724,2720000,18608.1,2442.002,132.67,51.95
cn53,cn53_0154,1,34.722,21.724,2720000,18608.1,2442.002,132.99,52.17
cn53,cn53_0155,1,32.143,21.724,2720000,18608.1,2442.002,133.386,51.82
cn53,cn53_0156,1,35.232,21.724,2720000,18608.1,2442.002,133.86,52.23
cn53,cn53_0157,1,29.485,21.724,2720000,18608.1,2442.002,134.269,51.43
cn53,cn53_0158,1,33.944,21.724,2720000,18608.1,2442.002,134.691,52.07
cn53,cn53_0159,1,36.46,21.724,2720000,18608.1,2442.002,135.087,52.39
cn53,cn53_0160,1,39.96,21.724,2720000,18608.1,2442.002,135.509,52.79
cn53,cn53_0161,1,32.034,21.724,2720000,18608.1,2442.002,135.906,51.81
cn53,cn53_0162,1,27.646,21.724,2720000,18608.1,2442.002,136.391,51.14
cn53,cn53_0163,1,45.426,21.724,2720000,18608.1,2442.002,136.801,53.36
cn53,cn53_0164,1,29.472,21.724,2720000,18608.1,2442.002,137.146,51.43
cn53,cn53_0165,1,39.159,21.724,2720000,18608.1,2442.002,137.568,52.7
cn53,cn53_0166,1,30.628,21.724,2720000,18608.1,2442.002,138.003,51.6
cn53,cn53_0167,1,32.205,21.724,2720000,18608.1,2442.002,138.45,51.83
cn53,cn53_0168,1,25.618,21.724,2720000,18608.1,2442.002,138.859,50.8
cn53,cn53_0169,1,32.247,21.724,2720000,18608.1,2442.002,142.466,51.84
cn53,cn53_0170,1,33.609,21.724,2720000,18608.1,2442.002,140.586,52.02
cn53,cn53_0171,1,32.435,21.724,2720000,18608.1,2442.002,140.113,51.86
cn53,cn53_0172,1,27.885,21.724,2720000,18608.1,2442.002,140.56,51.18
cn53,cn53_0173,1,42.581,21.724,2720000,18608.1,2442.002,140.816,53.08
cn53,cn53_0174,1,33.758,21.724,2720000,18608.1,2442.002,141.264,52.04
cn53,cn53_0175,1,25.895,21.724,2720000,18608.1,2442.002,141.622,50.85
cn53,cn53_0176,1,27.024,21.724,2720000,18608.1,2442.002,142.056,51.04
cn53,cn53_0177,1,35.391,21.724,2720000,18608.1,2442.002,142.568,52.25
cn53,cn53_0178,1,36.143,21.724,2720000,18608.1,2442.002,142.99,52.35
cn53,cn53_0179,1,27.908,21.724,2720000,18608.1,2442.002,143.373,51.19
cn53,cn53_0180,1,37.967,21.724,2720000,18608.1,2442.002,143.719,52.57
cn53,cn53_0181,1,33.886,21.724,2720000,18608.1,2442.002,144.166,52.06
cn53,cn53_0182,1,28.005,21.724,2720000,18608.1,2442.002,144.601,51.2
cn53,cn53_0183,1,34.716,21.724,2720000,18608.1,2442.002,145.049,52.17
cn53,cn53_0184,0,20.496,21.724,2720000,18608.1,2442.002,145.458,49.79
cn53,cn53_0185,1,38.665,21.724,2720000,18608.1,2442.002,145.893,52.65
cn53,cn53_0186,1,32.472,21.724,2720000,18608.1,2442.002,146.263,51.87
cn53,cn53_0187,1,30.342,21.724,2720000,18608.1,2442.002,146.698,51.56
cn53,cn53_0188,1,36.139,21.724,2720000,18608.1,2442.002,150.304,52.35
cn53,cn53_0189,1,43.816,21.724,2720000,18608.1,2442.002,148.412,53.2
cn53,cn53_0190,1,39.001,21.724,2720000,21050.1,2442.002,147.964,52.69
cn53,cn53_0191,1,39.604,21.724,2720000,18608.1,2442.002,148.361,52.75
cn53,cn53_0192,1,22.608,21.724,2720000,18608.1,2442.002,148.655,50.23
cn53,cn53_0193,1,41.018,21.724,2720000,18608.1,2442.002,149.141,52.91
cn53,cn53_0194,1,43.556,21.724,2720000,18608.1,2442.002,149.473,53.18
cn53,cn53_0195,1,30.037,21.724,2720000,18608.1,2442.002,149.921,51.52
cn53,cn53_0196,1,31.535,21.724,2720000,18608.1,2442.002,150.33,51.74
cn53,cn53_0197,0,18.101,21.724,2720000,18608.1,2442.002,150.777,49.22
cn53,cn53_0198,1,33.559,21.724,2720000,18608.1,2442.002,151.199,52.01
cn53,cn53_0199,1,37.9,21.724,2720000,18608.1,2442.002,151.634,52.56
b8,b8_0000,1,118.524,21.724,2720000,18608.1,2442.002,370.096,57.59
b8,b8_0001,1,104.413,21.724,2720000,18608.1,2442.002,357.935,57.03
b8,b8_0002,1,99.471,21.724,2720000,18608.1,2442.002,357.5,56.82
b8,b8_0003,1,95.402,21.724,2720000,18608.1,2442.002,357.897,56.64
b8,b8_0004,1,101.776,21.724,2720000,18608.1,2442.002,358.344,56.92
b8,b8_0005,1,106.87,21.724,2720000,18608.1,2442.002,358.741,57.14
b8,b8_0006,1,101.703,21.724,2720000,18608.1,2442.002,359.188,56.92
b8,b8_0007,1,114.199,21.724,2720000,18608.1,2442.002,359.597,57.43
b8,b8_0008,1,115.401,21.724,2720000,18608.1,2442.002,360.006,57.47
b8,b8_0009,1,117.008,21.724,2720000,18608.1,2442.002,360.48,57.53
b8,b8_0010,1,107.455,21.724,2720000,18608.1,2442.002,360.863,57.16
b8,b8_0011,1,99.003,21.724,2720000,18608.1,2442.002,361.26,56.8
b8,b8_0012,1,104.848,21.724,2720000,18608.1,2442.002,361.579,57.05
b8,b8_0013,1,119.331,21.724,2720000,18608.1,2442.002,361.989,57.62
b8,b8_0014,1,108.885,21.724,2720000,18608.1,2442.002,362.423,57.22
b8,b8_0015,1,108.908,21.724,2720000,18608.1,2442.002,362.833,57.22
b8,b8_0016,1,110.208,21.724,2720000,18608.1,2442.002,363.242,57.27
b8,b8_0017,1,108.404,21.724,2720000,18608.1,2442.002,363.689,57.2
b8,b8_0018,1,123.287,21.724,2720000,18608.1,2442.002,376.541,57.76
b8,b8_0019,1,100.119,21.724,2720000,18608.1,2442.002,366.451,56.85
